((2)-((1)-((((1)/(((5)-(4))/(2)))*(((4)+((1)-(3)))*(2)))*(3)))),25
(((((1)-(4))*(1))*(((4)-(1))+(2)))+((1)*((((4)+(2))-(3))-(3)))),-15
(((((2)/(3))/((5)/(4)))+(((1)/((4)/(5)))/((1)+((3)+(2)))))+(4)),4.74166666667
((1)+((((2)+(5))*(((4)*(5))+(((5)/(4))/((5)+((4)-(3))))))/(2))),71.7291666667
((5)*((5)/(((5)*(5))*((1)+((((((3)*(4))*(1))/(3))*(2))+(5)))))),0.0714285714286
(((2)-(((2)+((5)*(1)))/(3)))-((5)/(((5)/(1))/(((2)*(1))*(1))))),-2.33333333333
(((2)*((((1)+((((1)/(4))/(3))*(4)))-((4)-(3)))+(3)))*((3)+(5))),53.3333333333
((1)*((4)+((((((4)/(2))*(((3)*(5))-((1)*(4))))-(1))/(2))*(4)))),46
(((1)/((1)+((((3)*(((4)*(3))/(((4)/(5))-(4))))/(5))*(5))))+(4)),3.90243902439
((((4)/((2)+((((4)+(4))+(3))*(((3)-(5))-((2)*(2))))))+(4))*(1)),3.9375
(((2)*(2))/(((4)-((2)+(((1)-(3))-((5)+((2)+((1)+(5)))))))*(4))),0.0588235294118
((((((4)/((5)/(1)))/((4)+(4)))-(4))-((((5)/(5))+(2))*(3)))+(4)),-8.9
(((5)*(2))-(((1)+(3))/((2)*(((((5)*((1)/(2)))/(5))+(5))-(2))))),9.42857142857
((3)/(((4)*(((5)-((2)-(((4)-((3)-(1)))*(3))))/(4)))+((1)+(1)))),0.272727272727
(((5)-(4))/((2)+((2)*(((4)*(2))-(((1)/((3)+((4)-(5))))+(5)))))),0.142857142857
((4)/(((3)-(4))-(((4)*(5))-(((((4)*(3))/(3))-((2)*(5)))/(3))))),-0.173913043478
(((4)*(((5)*(((5)-((4)+((1)/((4)*(1)))))/(1)))/(1)))+((4)-(5))),14
(((3)/(5))*(((((3)*((2)*(((4)+(2))+(1))))-(5))*(5))-((2)/(1)))),109.8
(((((4)*(((3)*((2)-(2)))/(2)))+(3))-((5)/((5)*(2))))*((1)-(1))),0
((((2)*((3)*(3)))+(3))+((1)/((((2)+(((4)+(3))+(5)))/(3))-(1)))),21.2727272727
(((((5)+((5)/(((1)*(2))+(3))))/(((1)+((2)+(5)))-(5)))/(2))/(4)),0.25
(((((5)+(1))-((1)/(((3)+((5)/(4)))-(5))))*(4))+(((4)+(1))*(5))),54.3333333333
(((4)/(((3)-(5))*(((2)+(2))/((3)-(2)))))*((1)*((1)+((3)/(3))))),-1
((2)-((((4)*((5)/(((2)/((3)/(1)))+(1))))*(1))/(((4)-(3))*(5)))),-0.4
(((3)/((1)-(2)))/((((2)*(2))+((4)/(4)))-((((3)+(1))-(3))+(3)))),-3
(((4)*(1))+((1)-((3)/(((((4)/(2))*(((3)/(3))/(4)))/(3))*(2))))),-4
(((5)*(((3)-(2))/(3)))*((((1)/((2)-(3)))/((3)*(4)))/((1)+(5)))),-0.0231481481481
(((5)/(5))/(((((((1)+(1))+(3))*(4))*(5))/(5))+(((2)-(4))-(3)))),0.0666666666667
(((2)+(((2)/(2))-((2)/((1)/(3)))))+((4)+(((4)*(3))-((1)/(5))))),12.8
((((2)+(3))*((((5)/(((4)*(3))*(2)))+(4))+(1)))/((5)-((2)*(5)))),-5.20833333333
((((3)/(((((1)*((4)+(5)))*((5)/(3)))+((1)-(2)))*(2)))+(1))-(5)),-3.89285714286
((3)+(((2)/(((((1)/(5))-(((3)-((4)-(2)))+(5)))/(1))*(3)))-(2))),0.885057471264
((((4)/(((2)-(3))*((4)/((((2)/(5))+(1))*((4)/(5))))))*(5))+(1)),-4.6
((((2)*(1))*(((((1)-(((3)-(5))+(1)))-((5)*(4)))+(1))*(2)))*(1)),-68
((((2)-(5))-(5))*((1)-(((((1)*(2))/(((4)*(1))+(5)))/(2))/(5)))),-7.82222222222
(((((4)-((1)-((2)/(3))))-((3)*(5)))+((3)/(4)))-((5)-((3)-(1)))),-13.5833333333
((((4)/(((1)+((3)*((((3)*(5))-(1))/(3))))/((3)*(4))))-(1))-(1)),1.2
((((4)*(2))*((2)+((5)*((1)*((3)+(2))))))*((((2)-(1))*(4))-(2))),432
((4)*((3)+(((1)/((((4)+((2)/(2)))/(3))-(5)))*(((5)-(2))/(1))))),8.4
(((5)-(5))*((((2)+((2)-((1)/((4)/(1)))))+((4)/((5)+(4))))/(1))),0
(((((3)-((5)-((1)/((5)+((5)*(1))))))*((5)*(5)))+((1)-(3)))*(2)),-99
((((((4)+(5))/(5))*(1))-(((3)/((1)-((2)/(5))))+(5)))+((4)-(2))),-6.2
(((((((4)-((5)-(5)))-(1))-(3))+(4))*((5)+(1)))-((4)+((1)-(3)))),22
(((1)-((4)*((2)*(4))))-((3)/((2)/(((4)/(((4)/(3))*(2)))/(1))))),-33.25
((3)/((2)-(((5)-(((3)/(((2)+(5))*((3)-(2))))+((1)/(5))))/(3)))),5.52631578947
(((((5)*(((3)*(5))/(5)))-((2)*(3)))*((5)+(5)))-(((5)-(5))*(4))),90
(((2)-((4)-(((5)-((1)*(((5)-(3))*(1))))-(4))))*(((4)*(1))-(4))),0
(((1)-(5))/(((((3)-(2))*((5)+((3)-(4))))+(5))*((2)*((1)/(5))))),-1.11111111111
(((((5)+((4)-(1)))+(((1)-(4))-(((5)+(4))-(4))))+((3)-(4)))+(1)),0
((5)+((4)+((((5)*(4))*(5))+(((5)+(((3)+(4))*(3)))*((5)/(1)))))),239
((((((2)*(1))-(5))+(3))-((2)+((4)*((5)/(5)))))/(((4)*(3))/(2))),-1
((4)/((4)-((((((1)/((4)+(3)))*(4))/(4))*((2)*((1)*(1))))/(4)))),1.01818181818
(((2)*(((3)-(((2)+(3))*(4)))/((((4)-(4))+(4))*(3))))-((3)/(2))),-4.33333333333
(((((1)/((((1)+(1))+(3))-((1)*(1))))/(1))+(2))*(((2)+(4))*(3))),40.5
((((((1)+(2))-(2))/((3)+(3)))*((2)-(5)))/((3)/(((5)+(2))/(3)))),-0.388888888889
(((((((4)*(1))*(4))-((3)-(5)))*(((1)/(3))*(3)))-(1))+((5)+(2))),24
((((2)-(5))+((5)*(4)))/(((((1)*(1))+(3))+(((1)/(1))/(4)))/(3))),12
((1)/(((1)/((((3)/(2))+((4)/((5)+(2))))*(1)))-((1)*((5)/(1))))),-0.221374045802
((5)/(((((((4)*(4))*(2))*((5)/(5)))+(4))+(((5)/(2))-(3)))-(2))),0.149253731343
((2)-((((4)/((2)*((4)/(3))))+((4)-((4)*(2))))+((5)-((1)+(4))))),4.5
(((5)-((5)-(((4)/(((1)/((((1)/(4))/(4))*(2)))-(1)))-(4))))*(1)),-3.42857142857
((4)-((3)+((((3)*(4))-((5)*(3)))+(((1)/(4))-(((4)/(5))*(1)))))),4.55
(((((1)+(((3)/((2)/(2)))/(1)))/((4)-(1)))-((4)+(3)))-((4)+(3))),-12.6666666667
(((2)-(((2)-(((5)*(3))/(((((3)/(5))+(4))-(4))+(1))))+(3)))-(4)),2.375
(((5)/((2)-(((((((4)+(3))*(2))*(4))-((5)+(2)))+(2))/(5))))-(3)),-3.60975609756
((3)+((3)/((((2)+((4)+(((3)+(3))*((1)*(3)))))/(3))-((5)*(3))))),2.57142857143
((3)+(((((1)/(1))-((((1)*(1))/(2))/(2)))-(2))-((4)/((2)+(4))))),1.08333333333
((1)+((((4)-(((3)/(1))+(1)))/((((3)-((4)*(1)))/(3))+(1)))*(1))),1
(((3)/(1))+((((4)-(((1)-(5))-((5)+(1))))-(1))*((4)/((3)/(1))))),20.3333333333
(((4)+((4)*(5)))+((5)*((3)-(((1)*(3))+(((4)*(4))-((3)/(1))))))),-41
(((((4)*((2)+((1)/(3))))*(((5)-((5)*((2)+(2))))*(5)))+(2))*(1)),-698
((5)-(((1)+(5))*(((1)/(4))+((((2)/(4))/((3)-((4)/(2))))-(1))))),6.5
(((2)/(2))+(((5)-(((1)*((((1)*(2))*(1))/(3)))*((2)+(5))))-(4))),-2.66666666667
((2)+(((3)/(((((3)-(((1)-(1))+(1)))+((1)/(2)))*(3))+(2)))*(5))),3.57894736842
((((3)-((2)+(2)))/(3))*((4)+((3)/(((4)+(4))/((3)+((2)*(4))))))),-2.70833333333
((1)+(((1)/(((3)-((4)/(1)))*(5)))/((2)+(((3)/((2)-(3)))/(1))))),1.2
(((3)-((4)-(4)))-((((2)/(2))*(3))-(((1)/(2))/(((2)/(5))+(1))))),0.357142857143
(((5)/((2)+(2)))+((4)+((4)-((((((5)/(2))+(2))/(1))+(1))+(4))))),-0.25
(((((2)-(((4)/((3)-(5)))/(3)))-((2)-((1)*((3)+(3)))))-(2))+(5)),9.66666666667
((((2)/(1))/(1))-(((2)/((((2)/((2)*(5)))/(1))+(5)))+((4)+(2)))),-4.38461538462
((2)*(((1)*((2)+((1)*((3)/((5)-(((3)+((1)-(3)))+(5)))))))-(1))),-4
(((((((5)-(3))+((3)*(2)))*(((3)/(2))*(4)))/((2)+(1)))-(4))+(3)),15
((4)+((((2)*(((5)/(((5)*((2)+(2)))/(4)))*(1)))+(2))/((4)+(4)))),4.5
(((2)/(3))-((5)+((((4)-((1)+(2)))+(2))-((((5)*(5))-(3))*(1))))),14.6666666667
((((((((4)-(5))+(2))-(4))*(5))-((5)-((1)+((3)+(4)))))-(2))/(4)),-3.5
(((((((2)/((5)+(3)))+((2)/(2)))-(5))+(3))/(4))-((5)-((5)/(4)))),-3.9375
(((2)/(4))+(((2)*((3)+(((1)*((3)/((3)*((5)/(2)))))+(5))))*(4))),67.7
(((3)*((((4)/((5)*((((4)*(4))*(5))-((5)*(5)))))-(4))/(4)))-(4)),-6.98909090909
(((((2)-((1)/(3)))*((3)+((5)/((5)/(4)))))-(((1)/(4))*(1)))-(1)),10.4166666667
((2)/((3)-(((2)+((((1)*(5))/(3))-(3)))*((5)-((4)*((2)-(2))))))),-6
((1)-(((((3)+((1)-(4)))-((3)/((2)/(((3)+(3))/(1)))))+(4))+(1))),5
(((3)-((((3)-(1))/(4))/((((5)-(5))*((5)/(5)))+(2))))-((2)*(2))),-1.25
((1)/((2)*((3)*((((((2)/((2)-(4)))/(5))/(2))+(4))-((3)*(3)))))),-0.0326797385621
((((((1)-(5))+((1)+((2)/(5))))/((3)/(1)))-(1))*(((3)/(4))+(2))),-5.13333333333
(((3)*(5))/((((1)-(1))+(((4)/(5))-(1)))-(((1)+((5)*(4)))-(5)))),-0.925925925926
((3)-(((4)*((((2)-((1)/(4)))*(((4)*(2))/((4)-(5))))*(1)))/(4))),17
((1)-(((((3)-(4))+((3)/(((2)-(5))*(5))))*(1))/((3)-((4)*(4))))),0.907692307692
(((2)*(2))/(((5)*(2))+((2)-((3)-((((1)/(5))/((4)+(3)))/(3)))))),0.443974630021
(((((((3)/(4))-(5))+(4))+(1))*((5)-(3)))-(((1)*(1))/((2)/(1)))),1
(((3)+((((1)*(4))/(1))-(1)))+((2)*((((5)-(1))/(1))-((2)*(2))))),6
((5)-((2)*((((((3)/(3))/(3))-((2)*(3)))+((1)/(4)))-((5)/(1))))),25.8333333333
(((2)-(5))/(((1)/((2)-(3)))/(((5)*(((4)*(5))*(5)))+((2)+(3))))),1515
((1)/(((((1)*((1)+((((5)-(3))/(3))-(1))))-(3))/(1))/((3)/(5)))),-0.257142857143
((4)/(((((((3)+((4)+(3)))/(1))*(5))/(((1)/(4))-(5)))+(1))*(2))),-0.209944751381
((2)*((((((5)*(4))-(((4)/((2)*(3)))-(1)))/(3))/((5)/(4)))-(3))),4.84444444444
((4)-(((5)*(2))/((1)/(((((4)+(((3)*(2))*(3)))+(3))+(2))*(5))))),-1346
((5)-(((((3)*(4))/((5)/(2)))-((5)*(1)))+((((3)/(3))-(3))+(1)))),6.2
((3)-(((((1)*((5)+(((4)-((4)+(4)))*(4))))+(5))/((5)*(5)))/(3))),3.08
((((4)+(((4)-((((3)+(4))-(1))*(4)))*(((2)+(5))+(2))))/(3))*(5)),-293.333333333
((4)+(((5)-((1)/((((2)/(5))/(4))*((2)*(2)))))+(((5)-(4))/(2)))),7
(((4)-(((3)*(3))-(2)))+(((5)-((5)-((2)/((2)+((3)/(2))))))+(3))),0.571428571429
(((2)+(((5)-((3)/(((2)+((((1)*(5))+(3))/(2)))*(2))))/(4)))*(1)),3.1875
((2)/((1)+(((4)*((3)*(3)))/(((1)/((5)/(3)))-(((1)/(2))+(2)))))),-0.111436950147
((2)+((((3)-(5))*((1)*((((5)-(4))-(1))/((2)*((4)+(3))))))/(1))),2
((((4)/(5))/((5)+(((1)+(5))+((((4)/(1))*((1)+(2)))-(3)))))+(2)),2.04
((((1)+((3)/((3)-(5))))-(4))*(((((1)-(1))-(2))+(3))/((1)*(2)))),-2.25
(((3)/(1))*((((5)*((1)-(1)))*(((1)/(5))+((5)*(2))))-((5)*(3)))),-45
(((((5)+((((5)-(4))-(5))+(4)))-(4))+((((1)+(3))-(1))-(4)))-(1)),-1
(((3)+((5)*((4)-(((3)-(((4)-(5))+(5)))-(2)))))-((1)+((2)*(3)))),31
(((3)+(((5)+((((1)-(4))*(5))/((((5)+(1))-(2))-(5))))*(2)))/(1)),43
((((4)+(3))/(2))+(((5)+(((5)+(((4)-(3))+(1)))/(4)))-((2)+(3)))),5.25
(((1)/((1)+((3)*((3)*((4)*(2))))))/(((5)/((1)*(5)))-((2)+(5)))),-0.00228310502283
((2)-(((3)+(((3)+((((5)-((3)/(5)))/(4))*(5)))/(5)))+((1)*(1)))),-3.7
((((((3)/((5)-(1)))-((4)-(5)))*((2)*(((4)/(3))/(4))))*(5))+(4)),9.83333333333
(((((1)+(1))*((2)*(4)))-(1))*((((1)+(3))*((2)-((5)/(4))))+(2))),75
(((2)*((5)+(1)))-((((3)+(2))-((4)*((3)*(3))))+((5)*((4)/(4))))),38
(((((4)/(((5)/(((5)+(2))+(4)))/(4)))*(5))/((1)-(4)))/((2)-(4))),29.3333333333
((2)/((((((1)+(5))-((2)-(1)))-(2))+(((4)/(4))/((3)+(1))))*(4))),0.153846153846
(((1)/(5))+(((5)-(((4)+(((3)-(2))*(2)))/(2)))-((4)+((5)/(2))))),-4.3
(((((4)/((2)*((5)+(1))))/(((4)-(5))+(5)))*((4)*((1)-(4))))*(1)),-1
(((4)-((((2)+(4))-(5))/(5)))-(((2)*(2))*((2)/((4)/((1)/(1)))))),1.8
(((1)+((2)*((((3)+((3)*(((3)-((3)-(4)))-(5))))*(3))+(2))))+(5)),10
((((4)-((((3)*(3))*(2))+(3)))-((((4)+((3)*(2)))-(3))+(5)))*(1)),-29
(((4)+(((3)-((1)-(4)))+((4)+(2))))*(((2)-((4)/(5)))*((2)*(1)))),38.4
((1)/(((5)+((((3)/(1))/(1))/(((2)/(2))+(1))))/((5)+((2)-(3))))),0.615384615385
(((3)-(((2)*((2)*(4)))+(((1)+((4)-(3)))-(((3)/(5))*(2)))))/(5)),-2.76
((2)+(((2)*(1))+((5)/((2)/(((4)+(3))*((((1)*(2))-(1))/(3))))))),9.83333333333
((((5)/((4)-(2)))+((1)/(4)))+((2)+((1)-(((1)-(1))/((5)-(1)))))),5.75
((5)*((5)+((1)*(((5)*((3)/((((3)-((1)+(1)))*(5))*(2))))/(4))))),26.875
((3)+((((4)*((1)/(1)))*(((5)*(((2)*(1))*(4)))-((3)-(1))))-(5))),150
(((4)*((((((3)*(3))+(1))-(5))+(1))-(4)))-(((1)*((4)*(2)))+(2))),-2
((5)*((((4)/((((3)*(((1)-(2))+(2)))*(5))+((5)+(4))))-(2))-(4))),-29.1666666667
((5)/((((3)+((4)-(1)))*((((5)+(5))-(3))*(((2)+(2))/(3))))*(1))),0.0892857142857
((((3)*(4))/(((5)/(4))/((5)-((4)*(((4)-(5))*(1))))))*((3)*(5))),1296
(((4)/((5)-(((2)-((2)/((1)+(4))))-(((2)+((2)+(3)))/(1)))))*(2)),0.769230769231
(((5)*(3))+(((((1)-(((3)*(5))+(1)))*(4))+(((1)-(5))-(5)))/(5))),1.2
(((5)*((1)-(1)))/((4)*((((2)+(2))/(5))/(((3)*((5)+(1)))/(3))))),0
((((3)-((2)/(2)))+((1)-(2)))/((((5)*((5)-((1)/(2))))-(2))+(5))),0.0392156862745
(((5)-(3))-((1)-((3)*(((1)+(((2)/(((1)*(5))*(2)))+(4)))/(4))))),4.9
(((1)/((((((5)-(2))*(5))+(5))-((3)*((5)+(1))))+(5)))+((5)*(5))),25.1428571429
((1)/((5)-((3)-(((1)/(3))-(((3)*((1)+(((1)-(5))/(3))))*(3)))))),0.1875
((((1)/(4))+((4)/(1)))+((5)+(((4)+((((2)*(4))*(1))/(1)))+(5)))),26.25
(((4)+(4))/((1)/((2)*(((5)*((5)-((5)-(2))))+(((2)-(1))/(5)))))),163.2
((((4)-(3))+((5)-((((2)/(2))-(5))/((5)*(5)))))-(((3)+(4))-(1))),0.16
(((4)/((((1)-(((5)/(4))-(1)))+(1))/((4)/(4))))+((3)*((1)-(4)))),-6.71428571429
((((4)/(5))-(4))-((2)+((5)/((2)/(((4)/((5)*(1)))+((4)*(3))))))),-37.2
(((1)-((3)+((1)*(5))))*((5)-(((1)*((((4)/(2))*(2))*(5)))/(5)))),-7
(((2)*(((1)*((5)/((4)-(5))))/(((4)/(4))*(2))))-((1)+((4)/(1)))),-10
((((3)*(3))*(((2)+((1)/(4)))*((1)+((2)-(3)))))/((3)+((5)/(1)))),0
(((3)-(((4)+(1))/(5)))*((3)-((((((3)-(4))-(5))*(2))/(5))-(1)))),12.8
((4)*(((3)*(3))-(((1)*((1)/(5)))-((((2)+(1))-(2))-((4)*(2)))))),7.2
((5)*((((4)-(2))/(((3)+((4)+(4)))+((1)*(5))))*((3)*((1)+(5))))),11.25
((5)+((((((5)/(((5)+(1))+(1)))-((4)-(3)))+(1))+((5)*(1)))-(1))),9.71428571429
(((5)-(((4)*(((4)/((1)-(5)))-(((4)+((4)-(5)))/(1))))+(4)))/(5)),3.4
(((4)/(((1)/((((5)-(4))*((2)*((1)*((2)/(4)))))*(3)))/(5)))-(3)),57
((((2)*((4)+(5)))*(3))+((((1)+((2)+(1)))+((4)+(2)))/((2)*(4)))),55.25
(((4)+((((2)*(2))+(1))/((((4)/((3)-(2)))/(1))-(3))))/((4)*(5))),0.45
(((5)/(3))-((1)*((2)-((5)/((4)/(((1)+((5)/((4)*(3))))*(3))))))),4.97916666667
(((4)*(((1)-((1)/(2)))-((4)/((((1)-((3)+(5)))+(2))*(3)))))*(4)),12.2666666667
(((2)*((4)*((1)/((3)-(1)))))-((4)/(((1)-(2))*((5)-((2)/(5)))))),4.86956521739
(((((1)+(1))-((1)-(5)))+(((2)+(2))-((1)*((4)/(3)))))+((2)-(2))),8.66666666667
(((5)-(4))-((5)-(((((2)*(3))-(((2)+(5))+((1)+(1))))*(3))/(1)))),-13
((3)+((4)+(((3)*((5)-((2)+((2)/((2)+(((1)*(2))*(5)))))))*(3)))),32.5
((4)-(((2)*((4)-(((((3)+((2)*(1)))*(3))-(5))/(1))))-((1)*(5)))),21
((1)*(((((((1)+((5)/(3)))+((4)/(1)))+(4))+(2))*((1)/(3)))*(2))),8.44444444444
((((5)*(3))-((1)*((4)-(((5)/(2))/(4)))))*(((2)+((3)/(2)))/(3))),13.5625
((((3)*(4))/(((((3)/(2))/((5)+(5)))-(4))/(4)))/((1)-((5)-(3)))),12.4675324675
((5)-((((((2)+(5))+(4))-(3))+((2)*((((5)/(5))+(1))-(2))))-(4))),1
(((3)+((1)*(((4)*((3)-(((((2)-(2))/(5))/(2))+(4))))+(1))))*(4)),0
((3)-((2)*((((3)+(1))*((((4)/(4))+(((1)-(3))-(4)))-(5)))/(4)))),23
((((((5)+((4)*(2)))+(2))/(3))*((1)*(((2)-((3)*(4)))-(1))))/(1)),-55
(((1)-((5)-((3)-((2)*((4)/((3)+((1)/((3)*((2)/(4))))))))))/(1)),-3.18181818182
(((((2)/(4))/((((2)-(5))-((1)+((3)-((4)*(4)))))+(5)))+(4))+(3)),7.03571428571
((3)/((((3)/(2))+(1))+(((((1)+((5)/((1)-(4))))+(5))-(5))-(3)))),-2.57142857143
(((((((4)-((1)/(3)))/(1))-(5))+((1)+(((1)/(5))+(3))))/(5))*(3)),1.72
((4)/((((((1)*(4))-(2))*((((3)*(2))/(2))/((1)*(3))))-(4))-(4))),-0.666666666667
((((4)/(1))*((1)*(3)))-((5)*(((2)-(5))-((2)/(((4)-(1))+(3)))))),28.6666666667
(((((((1)-(3))/((1)+(2)))*(5))+(4))-((3)-(4)))-((1)-((5)-(4)))),1.66666666667
((((3)-(5))*(3))*(((1)+(3))-(((3)+(4))+((2)-(((5)*(2))+(5)))))),-60
((((4)/(4))/(4))-((((((2)+(1))-(5))+((2)-((1)-(1))))/(5))+(3))),-2.75
((((4)+(3))-(1))-(((((((5)+(3))+(2))/(1))-(4))+(3))+((5)*(4)))),-23
(((2)/(((1)/(((5)+(3))+(((4)/(1))/(5))))+((1)+((2)*(1)))))/(3)),0.214111922141
(((1)+((2)/(2)))+(((4)+((5)*(5)))/((2)/((((1)-(4))+(4))*(3))))),45.5
((((2)+(1))*(((((4)+(((4)+(4))+(5)))/(3))-((4)+(5)))-(5)))/(5)),-5
(((((((2)+(3))+((3)*(2)))+((5)/(4)))/(3))*((1)-((3)+(3))))+(2)),-18.4166666667
((4)/(((3)/(((4)-((5)*(((5)/(((2)-(4))*(1)))/(5))))-(3)))/(3))),14
(((1)*(((1)-((((2)+(5))-((2)+((1)*(4))))-(5)))/(4)))-((3)/(3))),0.25
(((2)+(5))/(((((5)/(3))*((1)/(4)))+(((2)-((3)-(3)))/(4)))*(2))),3.81818181818
((3)+((2)-((2)+((1)*((((1)*(3))+(1))-((1)-(((3)+(4))*(3)))))))),-21
(((4)+((((((1)-(5))/(5))*((4)-(((1)*(4))*(4))))-(4))-(1)))/(1)),8.6
(((2)+(((1)-(2))*((1)/(3))))*(((((2)*(2))-((5)/(4)))-(4))+(4))),4.58333333333
((5)/((3)/(((2)-((4)/(3)))/((4)+((4)*((3)/((4)/((3)+(5))))))))),0.0396825396825
(((4)*(((1)*(((4)*(((5)*(5))+(((3)*(2))+(2))))/(3)))-(1)))/(1)),172
((4)/(((3)*((((1)-(2))-(1))-(4)))*((5)/(((4)*((2)+(2)))-(3))))),-0.577777777778
((((5)+(5))+((3)/(((1)*((4)/(3)))-(4))))+(((5)+((3)/(1)))*(2))),24.875
(((4)-((((1)*(3))/(4))+(1)))+((((2)/(((3)*(1))*(2)))/(1))/(1))),2.58333333333
(((((((3)/(4))+(4))-((4)+((2)-((4)*(4)))))-((5)-(2)))*(4))+(5)),52
((2)+(((1)+(4))/((((2)+(1))/(((2)-((2)+(5)))/((5)/(4))))-(1)))),-0.857142857143
((((((5)-((5)-((2)/(((4)*(4))+(2)))))*(5))/((2)/(5)))*(1))-(3)),-1.61111111111
((((4)*((2)-(1)))-((((3)+(1))+(5))+(5)))/((((3)+(1))/(3))+(3))),-2.30769230769
((2)*((((4)+((((2)-(3))+(5))*(((5)/(2))+(2))))/((4)/(5)))+(1))),57
((((3)/((4)-(2)))+(((3)*(4))+((1)+(((2)-((5)/(4)))-(5)))))*(2)),20.5
(((((4)*((1)*((4)-(((3)/(1))-(5)))))-(3))/(((2)*(3))/(1)))-(1)),2.5
((5)+((((3)*((5)-(2)))-(((4)+(2))-(4)))/((((2)*(2))-(5))+(3)))),8.5
(((((1)/((((5)-(3))+(5))-(3)))-(4))/((5)/((2)+((5)*(5)))))-(4)),-24.25
(((((4)*(2))+(5))/(3))/((1)/(((5)-(((1)-(1))*(1)))+((2)/(1))))),30.3333333333
((2)+((((5)-((((1)*(5))/(4))+(4)))-(3))/(((2)*((1)+(4)))-(3)))),1.53571428571
(((((5)-((2)/((2)+((2)*((1)/((4)/(4)))))))/((2)/(3)))+(1))/(1)),7.75
(((((2)/(5))+((1)/(5)))*((5)/((1)/(2))))/((4)*(((2)+(2))+(2)))),0.25
((((((1)+((1)-((5)+((4)*(3)))))+(1))/(1))/((4)-((5)*(1))))-(4)),10
((1)/((2)/((((5)-((5)/((((1)-(2))+(1))-(1))))*((5)*(5)))-(1)))),124.5
((1)+((((2)/(((3)-(2))/(1)))/(((2)-((4)*(2)))/(5)))+((1)/(2)))),-0.166666666667
((((((5)*(5))-(((2)+((5)-(5)))-(5)))/(4))*(2))-(((1)/(2))+(3))),10.5
(((5)-((2)-(3)))+((((3)/(3))-((2)-((2)*((2)+(2)))))-((5)+(5)))),3
(((((4)-(5))+(5))-((((4)+(3))-((5)*((2)/(1))))-((4)+(3))))/(2)),7
(((((4)+(2))+(5))+(4))+((((5)+(5))+(5))*((5)/(((1)/(4))*(3))))),115
((5)+(((((5)/(5))+(4))-((3)/((5)*(3))))/(((3)+(1))/((5)/(4))))),6.5
((((2)*(((2)+(2))*(1)))-(((1)/(2))-(3)))/((((4)-(4))+(5))+(2))),1.5
((3)-(((((5)+(3))/(((5)/(5))-((3)/(2))))-(2))+(((1)*(2))-(3)))),22
((4)-((((((4)/(2))+(3))+((((4)+(2))*((4)-(4)))*(2)))+(5))/(4))),1.5
(((3)+(((4)/((((4)/(3))+(3))*(5)))*(1)))-((2)+((1)/((2)+(2))))),0.934615384615
((3)/((((4)+(2))-(((3)+(4))*(((5)/(2))-(((3)/(4))-(5)))))*(3))),-0.0242424242424
((4)+((((((4)/(4))/(2))*(5))/(2))*((3)+(((1)*((3)*(1)))/(2))))),9.625
(((5)*((1)-(((5)/(2))*(1))))+(((5)*((2)-((3)+(1))))+((1)/(5)))),-17.3
((((5)*(((5)/((5)*(1)))/(1)))/((5)/(3)))-((((1)/(1))*(5))+(4))),-6
(((1)*((((4)/((2)+((4)*(5))))*(3))+((3)*(((3)+(3))/(3)))))-(3)),3.54545454545
((((2)/(((1)/(1))-((((1)-(1))*((5)*(5)))-(5))))+((1)/(4)))/(2)),0.291666666667
(((3)*((((4)*((5)/(4)))*(3))*((1)-(5))))+(((1)+(3))+((4)/(4)))),-175
(((4)+((3)-(((5)/(((2)-((5)-((1)-(5))))+(5)))*((3)/(3)))))-(2)),7.5
((2)*(((((5)+(3))+(((5)-(1))/((3)/(1))))*((1)*((2)+(2))))+(3))),80.6666666667
((2)/((1)/(((4)*(4))+(((((2)*(1))+((4)+(1)))+(3))/((1)+(5)))))),35.3333333333
((3)/(((5)*(((3)-((((1)+((1)-((1)/(3))))*(4))*(1)))-(1)))-(5))),-0.105882352941
((1)-((((1)+(((2)/(1))/(2)))*(4))*((1)*((((5)+(2))-(2))+(5))))),-79
(((2)/((2)+((5)/((1)/(5)))))+((((3)*(2))+((5)-((4)-(4))))*(5))),55.0740740741
((4)-(((((((5)+(2))*(4))/(3))/(3))-(2))+(((2)/((5)/(3)))+(1)))),0.688888888889
((1)+(((((3)+((2)*(((2)*((1)/(2)))*(2))))*((4)+(3)))-(5))/(4))),12
((2)/(((((5)-(1))+((5)/(3)))/(((5)-(5))+((3)-((5)-(3)))))/(5))),1.76470588235
(((1)/(((4)/(1))+((5)*((1)-((5)*((5)+(((3)*(4))+(5))))))))-(4)),-4.00184842884
(((2)*(((((5)/((4)*((3)*(2))))+(4))/((1)/((2)+(1))))-(2)))/(5)),4.25
((4)*((((2)+(3))/(((5)*((((1)/((5)/(1)))/(3))*(1)))*(3)))+(4))),36
(((5)+((((2)+(1))*(3))+(((1)/((4)+(3)))-(((3)/(5))-(5)))))-(4)),14.5428571429
((5)*((((3)*((2)+(4)))/(1))/(((((3)/(3))/((5)/(4)))/(4))+(5)))),17.3076923077
((((((2)/((4)-(1)))/(2))/(((5)/(4))+(4)))/((1)*(4)))/((5)+(5))),0.0015873015873
(((1)/(5))-((5)+(((5)-((3)-((3)-(4))))*(((4)/((2)/(4)))/(4))))),-6.8
(((3)-((5)*((2)/(2))))-(((((1)/(5))+(3))+(5))-((2)-((2)-(5))))),-5.2
(((5)/((((((4)/(((4)/(4))-(3)))*(3))-(2))+(3))+(4)))+((2)+(4))),1
((((((4)+(3))/(3))-((3)/(((((5)-(3))-(1))+(5))+(2))))+(4))/(5)),1.19166666667
(((4)+(4))/((4)/(((3)+(((4)/((1)/((2)/(5))))+((3)*(5))))+(3)))),45.2
(((3)/(((1)*(1))+(((1)-((1)+(3)))+(1))))*((1)+((5)-((4)-(2))))),-12
((1)+((4)*((((4)/(4))+((((1)*(2))/(5))+(((2)+(2))/(5))))+(2)))),17.8
((5)-(((((3)*((3)/((3)/(1))))*((3)-((5)*(1))))+((5)+(2)))-(4))),8
((((5)-((((2)-((3)/((3)/(2))))+((3)+(5)))/(1)))+(4))/((3)+(4))),0.142857142857
((4)*((4)+((((3)-(1))*(5))+((3)+((1)/(((5)/(2))-((3)+(3)))))))),66.8571428571
((2)-((5)/(((1)/((2)/((2)-((1)*((((2)+(4))+(4))*(1))))))*(1)))),3.25
((((4)+((2)-(3)))+(((5)/(5))/(1)))+((((2)-(5))/(5))*((3)+(1)))),1.6
(((((4)*(2))+(1))*(5))-(((2)+(2))/(((((3)/(5))/(4))*(2))-(3)))),46.4814814815
((3)/((4)-(((1)+((((4)+(1))+((1)/(2)))/((4)+(5))))*((1)*(1))))),1.25581395349
((((1)-(5))-(4))+(((2)+((1)+(3)))*((((4)-(5))+(2))/((3)/(4))))),0
(((1)*(((1)-(((1)*(4))+(4)))/((3)*((((5)*(4))/(2))+(3)))))*(2)),-0.358974358974
((4)*(((2)-((4)-((((4)-(5))*(4))-(1))))/((3)+(((5)+(2))-(2))))),-3.5
(((5)-((((4)-(3))*(5))+((((4)-(3))*((3)*((1)*(4))))/(4))))*(5)),-15
((1)/((((4)-(3))-(((4)/(5))*((1)+((((4)*(3))/(4))*(1)))))+(5))),0.357142857143
(((((((2)*(1))-(5))-(5))*(2))+(5))+((((4)+(3))/(5))+((2)/(4)))),-9.1
(((1)/(2))*(((2)*(((5)*((4)-(2)))-((3)-(2))))+((1)*((1)-(4))))),7.5
((((2)/(5))-(2))/((((1)*((4)-(3)))*(((4)+(1))*((1)/(3))))+(2))),-0.436363636364
((3)*(((4)/(4))/((4)-(((2)+((4)*((5)+(4))))+((5)-((1)/(1))))))),-0.0789473684211
((4)*((((3)*(5))*((5)+(2)))+(((1)-(5))-((((3)*(5))/(3))/(2))))),394
((3)-((5)+(((1)+(2))-(((((1)*((3)*((3)*(3))))-(3))*(4))+(1))))),92
((((4)*(1))*(5))*((4)/((((1)*((3)*(((1)*(4))/(3))))-(2))-(5)))),-26.6666666667
(((1)+(2))+((((5)+((((2)-(3))+(((5)+(2))*(4)))+(4)))*(1))/(3))),15
((3)+(((1)-(3))-((4)+((5)*(((5)*((2)+((2)+((4)+(3)))))*(3)))))),-828
((((((2)*(5))-(5))-((4)*(5)))*((3)/(1)))+(((3)-(1))-((1)/(4)))),-43.25
((1)-(((((3)-(4))*((4)*(((3)-(2))/(((4)/(4))+(4)))))/(3))*(4))),2.06666666667
((4)+(((5)/((((5)-(2))+((((5)*(2))*(1))-((1)-(2))))-(5)))+(2))),6.55555555556
((4)/((2)/((((((1)-((5)+(1)))-(4))-(3))/(1))-((4)+((2)/(2)))))),-34
((((((4)-(4))*(5))*(1))*((1)*(5)))/((1)+(((2)+((2)-(5)))*(3)))),-0
((((5)+(1))+(2))/((4)+(((5)-(4))-(((5)*(1))+(((4)/(2))+(4)))))),-1.33333333333
(((((((5)/(4))/(4))+((((2)/((3)*(2)))/(2))+(2)))+(5))+(5))-(4)),8.47916666667
((((3)-(1))/((3)*((3)/(1))))/(((3)/(((2)-((2)*(1)))-(5)))*(4))),-0.0925925925926
((3)/((((3)-(5))*((((3)/(1))-((1)*(1)))-((1)-((3)-(3)))))*(3))),-0.5
((2)*(((((((2)+(1))+(4))-((2)/(2)))*((3)-(4)))/(3))+((4)+(2)))),8
((((((3)-(3))*(((2)*(1))/(1)))+(((5)-(1))-(2)))+((3)-(5)))-(4)),-4
(((3)/((4)-((5)-(3))))*(((((5)*((2)+((4)*(1))))*(1))-(5))/(5))),7.5
(((2)*(5))*((5)+((((5)*(5))*(((3)*(2))-((2)+((5)-(1)))))/(2)))),50
((((2)*(4))-((((3)+(4))-(1))-(5)))-(((((4)/(2))+(5))/(1))+(5))),-5
((4)*(((4)/(((3)*(((5)+(3))/((3)/(5))))/(((3)-(5))*(2))))/(5))),-0.32
((((3)/(4))/((1)/((1)*(2))))*((((5)/((3)*(3)))*(3))+((5)+(4)))),16
((2)*(((4)-((1)*((((2)-((1)/(2)))+(3))*(5))))*(((1)/(5))*(4)))),-29.6
(((4)/(((2)*(1))-(5)))/((3)*((((1)-(5))-((2)*((4)*(1))))+(3)))),0.0493827160494
(((4)*(((1)*(((2)-(5))-(((4)/(1))+(3))))/((5)/((5)*(2)))))+(4)),-76
((((4)/(((5)*(((3)*(((3)+(5))/(5)))+(2)))/(1)))-(3))*((5)-(2))),-8.64705882353
((1)*((((4)-((4)/(1)))/(3))+((((1)-(5))-(((5)+(1))/(5)))+(1)))),-4.2
((((2)-((2)/(3)))-(((5)/(2))+(((1)/((5)-((1)/(3))))+(4))))-(1)),-6.38095238095
((1)*(((2)-(2))-((((((1)*(2))/((5)-((1)*(1))))-(3))*(3))+(4)))),3.5
((1)-((((((5)*(5))-((4)/((2)/(1))))*(((1)+(1))/(5)))-(4))-(5))),0.8
((((((1)-((((((5)+(5))+(5))*(4))+(5))-(2)))/(4))/(3))*(2))*(5)),-51.6666666667
(((3)*(((3)+(4))/(4)))/((((3)*((((4)-(2))+(1))-(5)))*(1))*(4))),-0.21875
((((1)*((2)+((((3)+((3)*(4)))/(5))+((5)*((5)/(4))))))/(1))*(3)),33.75
(((((3)-(2))*(((5)*(((5)*(4))-(1)))/(1)))-(1))/(((2)*(4))+(1))),10.4444444444
((3)*((((4)-(5))*((3)*(3)))*((((((4)*(2))-(1))+(4))*(2))*(4)))),-2376
((3)+((3)/((2)-(((4)*((((3)/(3))-(3))*((2)/((4)*(4)))))/(2))))),4.2
(((4)-(((2)/(((((2)/((5)/(3)))*(3))-(4))+(3)))-(1)))-((3)+(5))),-3.76923076923
((((1)*(1))+(3))+(((3)+((5)*((5)*((((1)-(5))*(1))*(4)))))-(5))),-398
((2)/((((1)*(5))-(4))-((((((4)/(3))/(4))/(5))+((4)*(4)))-(3)))),-0.165745856354
(((((1)*(4))*(4))*((((2)*(2))-((3)+((4)/(2))))/((2)+(5))))+(5)),2.71428571429
((((5)/(2))-(2))-((1)/(((5)/(2))/(((1)*((2)+(3)))*((3)*(1)))))),-5.5
((4)-(((((3)+(5))+((3)/((((1)/(5))*(1))*(2))))+((2)-(4)))*(5))),-63.5
((((2)*((4)-((2)-(5))))+(((((3)+(1))+(3))/((3)*(1)))*(1)))+(1)),17.3333333333
((2)-(((2)*((2)*((2)/(((1)+(((5)/(5))/(5)))-(4)))))-((4)+(1)))),9.85714285714
((((3)/(1))*(5))/((3)+(((((3)-((1)-(2)))+((1)*(4)))+(4))-(3)))),1.25
((((5)/(4))+(2))+(((3)*((1)*((5)*(((5)+((1)+(1)))-(3)))))-(4))),59.25
(((2)*((5)-((1)-(((1)+((((1)-(2))/(3))/(1)))/((2)-(1))))))-(2)),7.33333333333
(((3)-(((((1)*((1)*(2)))*(5))*((2)-(((2)*(2))-(5))))+(5)))+(1)),-31
((((((2)/(1))/(((2)/((1)/(((5)*(5))*(2))))+(1)))*(4))-(2))/(5)),-0.384158415842
((((1)-(((5)*(3))/((5)+((2)-(1)))))-((((4)-(5))/(4))/(5)))*(1)),-1.45
((((4)-((4)/((((5)/(3))/(1))-((3)*((4)*(3))))))-((3)-(3)))/(2)),2.05825242718
(((3)/((2)/(5)))+((((3)*(3))*(4))+((1)*((4)+((1)-((2)+(3))))))),43.5
((((((1)/(5))+((1)+((5)*(4))))-(1))+((3)*((1)-(5))))/((4)/(1))),2.05
((((5)+((((5)/(2))-(3))/((2)/(5))))/((2)+(((3)/(3))-(2))))*(5)),18.75
((((3)/((2)-(4)))*((5)-(3)))*(((((4)-(3))+(3))+(5))+((4)*(2)))),-51
((2)/((((2)-(((((1)+(2))+((1)/((2)+(4))))*(2))-(3)))+(3))/(5))),6
((3)-(((4)-((2)+((2)/(1))))-(((((1)/(3))*((4)*(1)))-(1))+(4)))),7.33333333333
(((2)*(4))*((((((2)/(5))/(2))-(2))*((2)-(4)))/((5)+((5)-(2))))),3.6
((2)*(((1)*((1)+((2)*((2)-((4)+((5)+(5)))))))+(((3)*(2))-(4)))),-42
(((5)/(((3)-((((4)/(3))/(1))*(((5)-(4))/(3))))-((5)/(1))))/(5)),-0.409090909091
(((((3)-(2))-(((4)/(3))+((1)+(5))))-((4)-((3)*((1)-(5)))))-(5)),-27.3333333333
(((2)*(1))-((1)+((((5)-((4)+(((3)+(4))+(1))))*(4))-((4)+(5))))),38
(((1)+((((1)-(4))-((5)+(4)))+(1)))/((5)+(((3)-((2)*(2)))/(3)))),-2.14285714286
((((((3)*(5))*(1))*(4))+((3)*((1)*((5)-(((2)-(2))/(5))))))/(1)),75
((((2)/(4))/((5)-(((5)-(5))+(((((3)+(4))*(2))*(1))-(3)))))+(1)),0.916666666667
(((4)-((1)-(((3)/((1)-((((1)/(4))+((4)-(5)))+(1))))+(4))))*(4)),44
(((((5)+(3))/((2)-((3)-(5))))/(((1)*((2)-(3)))/((5)*(2))))*(4)),-80
(((3)+(3))-(((((1)-((2)*(5)))/(1))/(4))/((((3)+(3))*(4))-(2)))),6.10227272727
((4)*((((2)+((2)-((2)-((4)+((4)-((5)/(5)))))))*(5))/((4)+(3)))),25.7142857143
((((3)/(1))-((((3)/(((2)+(4))+((2)+(2))))/((5)-(2)))/(4)))/(5)),0.595
(((((5)*(4))/(5))+((2)+(((4)-((3)+((3)-((2)-(1)))))*(3))))*(4)),12
((((3)+((4)+((((3)+(((5)+(4))*(2)))+(5))-((2)/(1)))))-(2))*(3)),87
((((4)-(((2)+((2)/(((5)+(2))-((1)*((5)/(3))))))+(1)))/(5))-(1)),-0.875
(((5)+(((1)+(((((2)+(4))/((4)*(1)))*(5))+(2)))*(2)))+((5)*(5))),51
(((4)-(((5)+(2))-((4)-(5))))+(((3)+(((2)*(2))+(3)))/((1)/(4)))),36
(((1)*(4))-((3)-(((((4)-(2))*(5))*((4)*(2)))/((5)-((5)/(4)))))),22.3333333333
((((2)-((3)*((((1)/(5))/(5))*((4)+(4)))))+((3)-(4)))+((2)-(5))),-2.96
(((4)*(((2)-(2))/((2)*(2))))+((1)-((((4)+((2)+(3)))*(2))+(3)))),-20
((5)*(((1)/(4))/(((2)/((1)*((3)*(3))))+(((2)*(5))/((4)-(5)))))),-0.127840909091
(((((2)/(2))-(5))-(((4)/(5))+((4)*(1))))*(((5)/((1)-(2)))-(1))),52.8
(((1)-(((5)-((((2)+(1))/((1)/((1)+(1))))*((4)-(1))))+(1)))-(4)),9
((3)/((4)-((((2)/(1))+(5))*((((2)*((5)/((1)+(2))))*(4))+(3))))),-0.0271903323263
((4)-((((3)/(4))-(4))+(((((2)/((2)-(1)))/((4)+(2)))-(4))+(2)))),8.91666666667
(((2)/((2)+((((5)+(3))*((4)/((1)-(5))))*((4)/(5)))))/((1)+(1))),-0.227272727273
(((((5)*(((1)*(((4)+(4))+((2)*((4)*(4)))))+(2)))*(2))/(2))-(4)),206
(((((5)+((5)/(3)))+((4)-((4)+((((2)-(3))*(5))*(5)))))/(4))+(3)),10.9166666667
(((4)/(((((4)/(2))+(3))+((4)-((4)-(4))))+(3)))/((2)*((5)/(5)))),0.166666666667
(((((((3)-((3)+((1)*(4))))/(5))/((3)*((3)/(5))))/(1))+(5))*(3)),13.6666666667
((((5)+(3))/(((((5)/(4))+(3))*(((4)+((1)*(4)))-(5)))+(4)))/(2)),0.238805970149
(((1)-((3)+(((3)-(5))/((4)/(4)))))/((((1)+(2))/((4)*(4)))/(5))),0
(((5)+((((3)-((((2)/(2))*(((2)*(1))*(3)))+(2)))/(4))+(4)))-(2)),5.75
((((((3)*(3))+((4)*((1)+((2)*(3)))))/((5)+(3)))+(2))/((5)*(2))),0.6625
(((3)+(5))*(((3)+(((1)/(((2)-((2)*(3)))+(3)))/((1)/(1))))*(3))),48
((((1)*((1)/((((3)*(4))-((4)/(2)))*(2))))*((3)-(2)))+((1)*(1))),1.05
(((1)*(((4)-((4)/(5)))+(3)))/(((1)*(4))*((((4)+(1))/(2))-(4)))),-1.03333333333
(((3)-((5)+(3)))-((2)+((((((1)/(1))-(3))*((2)/(5)))*(3))-(2)))),-2.6
((3)-((((5)+((((2)*(2))/((((1)-(1))-(4))+(1)))+(4)))/(3))-(3))),3.44444444444
((((((5)*((5)*(((3)*(5))*(2))))-(5))/(2))+((4)/(5)))-((3)+(2))),368.3
(((((1)*((((4)-(5))+(3))*(3)))-(5))*((1)+(5)))-((5)+((5)*(2)))),-9
((5)/((1)*(((3)*((5)-(3)))/(((4)/(((3)/(4))*((5)*(4))))-(1))))),-0.611111111111
(((((4)-((5)/((5)/(((2)/((1)-((5)-(1))))/(3)))))-(5))/(5))/(2)),-0.0777777777778
((((5)+(((2)+((2)+(((4)/(2))-(5))))+(((3)*(1))-(4))))/(1))*(4)),20
(((5)/(((((2)+(2))+((2)*((5)-(5))))/(2))/(2)))/(((1)+(5))*(2))),0.416666666667
((((3)/((5)*(3)))-(((3)+(5))-(2)))-(((4)/(4))-(((5)-(4))+(4)))),-1.8
((((4)-((3)/(1)))*(((4)-((5)-(2)))/(3)))*(((2)/((5)/(5)))/(1))),0.666666666667
(((((1)+(5))/((4)+((3)-(2))))+((((1)*(4))*((1)/(4)))/(2)))-(5)),-3.3
((((2)/((3)*(((((4)/((4)-(2)))/(5))/((5)*(4)))+(3))))-(2))/(2)),-0.889624724062
((4)+((((3)-(4))/(((5)/((2)*((2)*((2)*(4)))))-((1)+(3))))+(4))),8.26016260163
((((2)-(4))/(5))+((((((1)+(3))*(5))*((4)-((1)-(3))))*(4))/(5))),95.6
((2)+((3)+((((2)-(5))-(4))-((((2)-((1)-((1)/(1))))/(2))-(4))))),1
(((2)*(5))/((5)*((((5)-((((2)/(5))+((1)/(5)))-(2)))*(4))*(5)))),0.015625
(((4)+(((((1)*(4))*((2)*(5)))*((4)*(1)))/((5)-((2)+(2)))))-(2)),162
(((((((3)+(5))*(4))-((1)+(3)))/((3)*(4)))/((2)*((2)*(1))))-(1)),-0.416666666667
((2)+(((1)-((1)+(((((2)*(((4)-(5))+(1)))+(3))*(5))-(3))))/(1))),-10
((((((3)+(3))-((3)*((4)-(2))))/((((3)+(3))*(5))/(4)))-(5))-(1)),-6
(((1)+((((5)*((3)-((5)/(1))))-(1))*((((1)-(1))/(4))-(1))))/(1)),12
((((2)*((4)/(1)))+(5))/((((((4)*(5))*((5)/(4)))-(1))*(2))*(5))),0.0541666666667
((((((4)*((3)+((2)/((2)-((4)-((1)*(1)))))))+(1))/(1))*(4))*(1)),20
(((((4)-(4))+(3))-(3))-((((3)-(((4)*(5))+((3)/(5))))/(5))*(2))),7.04
(((((1)-(2))*((5)-(4)))+((((4)*((3)-(3)))/(3))*((1)+(3))))-(1)),-2
(((5)-(((1)+(4))-((3)+(4))))*(((3)*((4)/((3)+((3)*(1)))))/(4))),3.5
((5)/((2)*(((5)*((2)-((2)-(((2)-(3))/(((1)+(2))+(5))))))*(2)))),-2
((((((4)-(4))-(((((5)*((3)+(5)))+(2))*(1))+(3)))*(5))-(2))/(2)),-113.5
((((((4)+((1)+((5)*(3))))+(4))+((((2)/(2))-(3))*(3)))*(4))/(3)),24
(((((4)/((2)/((1)+((5)-(((4)+(3))+(4))))))/(2))-((3)/(1)))+(4)),-4
(((((4)-(5))+(1))+(2))-(((5)/(((1)/(4))-(4)))-((1)/((4)/(3))))),4.08333333333
((4)*((5)/(((3)+(5))+(((3)-(((1)+(4))*((4)+((3)*(3)))))+(3))))),-0.392156862745
(((((5)+(3))+(1))/(1))+((4)/((4)*((3)-(((2)*((5)-(4)))-(3)))))),9.25
(((1)-((((((5)+(5))+(5))*(3))*((3)/(1)))+((3)+(2))))-((5)-(3))),-141
((4)*(((3)/((5)-((3)-(1))))*((1)+(((4)+(4))/(((3)*(1))+(1)))))),12
(((((((3)+(3))*((2)/((2)-(4))))-(4))/(((2)-(1))/(5)))-(5))-(1)),-56
((((((3)+(5))/(((2)-(5))*((1)+(((5)/(3))/(1)))))*(3))-(4))+(4)),-3
(((2)-((5)+(4)))-((((((1)+(3))*(1))*(((2)/(3))*(4)))+(2))-(4))),-15.6666666667
((((((4)+(((2)+(1))/(1)))-((((5)*(3))*(5))+(4)))*(5))/(4))+(5)),-85
((1)/(((((5)/((((4)/((3)+(1)))+(2))/((5)/(3))))*(2))/(4))*(5))),0.144
((((((1)*(3))/(5))/(((5)-(2))/(5)))*((((3)+(5))/(5))+(3)))-(3)),1.6
((((2)/(((1)-((2)-((5)+(2))))-(3)))-((2)/(1)))-(((5)+(4))-(4))),-6.33333333333
((2)-((3)/(((((3)-(2))/(1))*((3)+(4)))-((4)-(((1)*(3))+(1)))))),1.57142857143
((5)+(((5)/(((3)/(4))+(4)))+(((((4)-(2))-(2))*(2))/((2)*(4))))),6.05263157895
(((((1)+(4))+(((1)/((4)/(2)))+((2)*(5))))*(5))*(((3)*(3))*(2))),1395
((((3)+((1)/(1)))+((((1)+(3))-(5))/((2)*(((3)/(2))*(2)))))/(4)),0.958333333333
(((5)+(2))-(((((3)/(1))*(5))*(5))/((3)+((5)-((4)+((4)-(3))))))),-18
((((3)-((((1)+(5))+((4)+(5)))*((3)+(((4)*(1))/(2)))))/(1))/(3)),-24
((4)+(((1)*(1))-((2)-(((1)*((2)*((5)+(4))))/(((4)-(2))*(5)))))),4.8
((((5)-((((4)-(2))+(2))*((4)-(4))))/((2)*(1)))+((1)*((5)-(4)))),3.5
(((1)*(((4)-((((3)*(1))/(5))+((3)-((1)*(4)))))-(5)))-((1)*(2))),-2.6
((((((3)+((1)/((5)+(1))))/(1))-(5))-((4)/(2)))+(((3)*(5))*(4))),56.1666666667
(((3)/((1)/(((5)*(4))*((1)+((4)-((5)-((2)+(5))))))))/((3)-(4))),-420
((((2)+(4))*(((((1)-(4))*(1))-(2))/(2)))/(((1)/(1))-((4)/(2)))),15
(((((5)+(1))-(4))*((5)-(3)))-((((5)/(1))*(((5)-(5))/(4)))/(3))),4
((((5)/((4)+(((4)-(3))-(4))))+((1)/(3)))*(((5)*(4))+((4)-(5)))),101.333333333
((4)+((4)*((2)-((2)+((((2)*(3))+((1)*(4)))/((4)+((5)*(4)))))))),2.33333333333
(((1)/(((1)+(5))+(((5)+(((3)*((5)+(5)))*(4)))*((4)/(3)))))*(1)),0.00579150579151
((5)/(((3)*(4))+((3)/((((4)+((3)-(1)))+((5)/((2)/(1))))-(3))))),0.398550724638
((5)*((4)*(((((3)*(4))/(((5)/(4))+((4)*(2))))/((2)+(5)))+(3)))),63.7065637066
((((4)/(((1)/((4)*((4)*(2))))/((3)/((4)/(4)))))*(3))-((4)-(3))),1151
((5)+(((1)-(5))-(((1)+((4)*(5)))/(((4)/(((2)-(3))*(2)))+(3))))),-20
((5)-(((1)/((((3)+(5))*((2)/(2)))/(((4)/(5))-(5))))-((4)*(2)))),13.525
(((((5)-(((4)-(5))/(4)))-(5))/(2))/(((5)*(3))-(((3)-(5))+(4)))),0.00961538461538
((3)-((5)-(((2)*((2)+((4)-((3)-(5)))))/((3)/((2)/((1)/(3))))))),30
((3)-((5)-(((1)*((5)/(3)))-(((3)-(5))*((((2)/(4))*(4))+(5)))))),13.6666666667
((1)*(((3)+(((1)+(3))*((((3)-((3)-(2)))/(2))+((1)-(2)))))/(2))),1.5
(((3)/((2)-(5)))-((((((3)+((3)+(4)))-((4)*(4)))*(2))/(1))-(4))),15
(((5)+((((((3)/(1))/((4)*((4)/(4))))-(3))+(2))-((5)/(1))))/(5)),-0.05
(((5)+(1))-((((((3)*(5))/(4))+(((4)+((3)/(3)))+(2)))*(1))-(1))),-3.75
(((2)/(((((5)+((2)/(2)))*(5))+((((3)+(3))-(2))/(1)))/(1)))-(2)),-1.94117647059
((2)+((2)-((5)-((5)*(((3)+(1))-((((2)/(5))*((3)-(4)))+(4))))))),1
((((3)+((1)-((1)-((((3)/(1))*((5)*(2)))-((2)-(2))))))*(4))+(4)),136
((((1)/((5)*(3)))*(((1)/(4))-(((1)+((1)-(4)))-(3))))*((1)+(1))),0.7
(((3)/((((((4)/((1)*(2)))/((2)-(1)))*(3))+(5))+(3)))/((4)-(3))),0.214285714286
(((4)/((((((5)/(2))+(4))*((4)+(4)))/(3))-(5)))/((3)/((5)/(2)))),0.27027027027
((5)-(((3)+(2))-((((4)-((5)+(4)))*(((2)*(3))-((2)+(2))))+(4)))),-6
((5)-((3)-((5)/(((((3)+(2))/(3))/((3)+((4)+(1))))+((4)*(5)))))),2.24742268041
((((1)-(4))-(((((1)-(1))-(3))+(1))/((2)*((2)+(1)))))+((3)+(3))),3.33333333333
(((5)*(2))+((((5)/(1))-((((5)/(3))-(4))+(3)))/(((4)-(4))+(3)))),11.4444444444
((((5)+((2)/(3)))*(1))-((2)+((((1)+((3)*((5)*(5))))/(1))*(5)))),-376.333333333
((3)-(((2)*(((3)*((4)-(1)))+(((4)/((3)*(4)))+(2))))/((5)+(4)))),0.481481481481
((3)-(((2)+((2)-(3)))/((((4)*((1)-((4)*(2))))+(4))+((3)/(1))))),3.04761904762
((((1)-((4)-(((3)*(5))-((5)/(2)))))-((3)/(1)))*((2)/((4)*(3)))),1.08333333333
(((4)/((((1)-(4))/(3))/((1)*((1)-(3)))))/((((2)-(4))*(2))-(1))),-1.6
(((4)-(((3)/(1))+(3)))-((1)*(((3)-(((1)-((4)-(2)))-(4)))-(3)))),-7
((1)*((((1)/((1)*(((5)/((4)/((3)/(4))))-((1)/(4)))))*(1))/(5))),0.290909090909
(((((3)*(((1)+(((5)+(((4)/(5))/(3)))-(3)))/(5)))*(4))+(5))-(3)),9.84
(((2)+((((3)+(1))/(1))-(1)))*((1)+((((3)*((2)-(3)))*(2))-(3)))),-40
((((1)+((1)/((5)/(2))))+(1))+(((1)*(4))/(((3)+((3)-(2)))-(5)))),-1.6
(((4)+((4)/(((1)+(3))+((2)/(3)))))-(((3)+(2))+(((3)*(5))+(3)))),-18.1428571429
((2)-(((5)+(((((5)*((5)+(3)))*(5))+(5))+(((2)/(1))*(3))))/(4))),-52
((((3)/(1))+((2)+(2)))-((((5)*((1)+(1)))-(((2)-(2))-(1)))/(3))),3.33333333333
((1)-(((((1)-((3)/(5)))*(4))-((((1)-((4)*(3)))/(3))-(2)))/(4))),-0.816666666667
((4)/((4)*((4)-((1)/((2)+(((5)/(5))+(((5)+(5))-((4)-(4))))))))),0.254901960784
((((2)-(3))/((1)*(((((1)+(5))/(1))/(((1)/(3))+(3)))-(4))))+(5)),5.45454545455
(((2)/((2)/(((3)-(((1)+(2))+(2)))+(5))))+((((1)-(2))*(1))+(1))),3
(((4)/((1)/((2)/(3))))-(((2)+(3))+(((4)/((1)/(3)))*((3)/(3))))),-14.3333333333
((2)-((((1)+(2))*(4))-((((((2)-((4)-(4)))-(3))/(2))+(1))/(4)))),-9.875
((3)+((1)*(((2)*(((5)+(1))-((4)+((4)+((2)*(4))))))+((1)/(3))))),-16.6666666667
(((2)*(((3)+((4)+(((4)-(1))-(2))))/(((5)/(4))/(1))))*((2)*(4))),102.4
((((1)*(2))-((4)/((5)+(((((5)-(2))/((5)*(1)))/(2))/(4)))))*(1)),1.2118226601
(((2)+(3))+(((4)*((1)-((4)-(4))))*((3)-((4)-((4)-((2)+(5))))))),-11
(((5)/(5))+((2)/((5)+((3)/((1)*(((4)+((3)/((3)/(4))))+(2))))))),1.37735849057
((((5)/((4)*((((3)*((1)-(4)))-(4))/(5))))*((4)/((1)-(4))))/(4)),0.160256410256
((((1)+((4)/((4)*(5))))/(((4)*(5))*((((1)-(5))/(5))/(4))))+(1)),0.7
(((((4)+((2)*(((((3)+(4))-(3))*((4)*(1)))+(5))))-(4))+(5))*(5)),235
((((2)/(4))/((3)*((5)+((5)/((1)/((3)/(5)))))))/((5)+((5)-(2)))),0.00260416666667
((3)+((((5)-((4)+((3)-((2)-(3)))))/(2))/((4)/((3)-((2)*(5)))))),5.625
((5)+(((((2)+(5))+(((3)-(1))+(5)))-((1)+(((1)-(4))-(4))))-(3))),22
(((4)+(2))-((4)*((((1)-(1))/((5)*((((5)/(2))-(4))*(4))))/(4)))),6
((((2)*(3))*(((2)+((((5)/(4))*((2)*((2)+(3))))-(1)))/(4)))/(4)),5.0625
((1)-(((1)*(((((2)-(3))*(3))*(1))/(1)))/((4)+((3)/((5)-(1)))))),1.63157894737
((((3)-((4)-(((2)-((((3)-(2))/(5))/(4)))*((1)/(2)))))*(4))-(1)),-1.1
(((((((2)*(5))-(1))*(3))/(2))-(4))+((2)*(((1)/(5))+((3)+(1))))),17.9
(((5)*(5))/((2)*(((2)/(((1)*((1)/(5)))*((4)-(2))))+((3)+(1))))),1.38888888889
((2)+(((5)*(3))/(((5)*((((1)+((1)-(2)))*(5))+((5)/(3))))-(4)))),5.46153846154
(((2)*(((5)*((5)*(((5)/(4))-(3))))/(((2)+((1)-(2)))+(5))))+(2)),-12.5833333333
((4)*(((1)/(((3)*(((5)*((5)*((2)*(5))))+(5)))/(2)))/((4)/(2)))),0.00522875816993
((((((5)*(((4)+((4)+(3)))*(5)))-((2)+((3)-(2))))+(4))*(5))/(2)),690
((((((((3)-(((3)/(2))+(4)))+(1))+(5))*(3))+(3))*(2))-((1)*(1))),26
((((((1)*(3))-((3)*(5)))/(4))+(((1)-(5))*(4)))*((1)*((4)-(1)))),-57
((((((3)-(4))+((3)-(3)))+((4)/(((4)+((3)*(1)))+(4))))*(2))+(2)),0.727272727273
((1)+((2)*((1)*(((2)-(((2)-(5))-(3)))+((3)-(((2)/(4))/(4))))))),22.75
(((5)*((((5)*(2))*((5)*((3)-(1))))-((4)*(3))))-(((1)/(3))+(1))),438.666666667
(((4)-(((((((3)/((5)/(1)))-(4))+(3))-((1)/(4)))*(4))+(2)))-(3)),1.6
((5)*((3)-((((5)*(((2)/(3))*(2)))*(3))+((1)-((1)-((4)+(4))))))),-125
((5)*(((1)+((2)+(3)))-(((5)-(1))*((2)/((1)+((5)*((5)-(1)))))))),28.0952380952
((((((((3)*((4)/(4)))+(4))*(4))/((3)*((1)*(4))))/(4))/(4))*(1)),0.145833333333
((((((3)+(1))-(5))+(1))+(4))/(((2)-((3)-((1)/((5)/(2)))))-(3))),-1.11111111111
(((3)-(((1)+(((1)+(2))+(2)))-(2)))*(((5)/(((1)-(3))+(3)))/(5))),-1
((2)+((2)-(((4)/(1))-((((1)/(5))/(3))*(((4)*(3))*((2)*(2))))))),3.2
((5)-(((4)*((((2)+(3))-(((4)-(2))/((4)+((1)-(3)))))*(5)))-(2))),-73
((1)/((5)-((4)*((2)+((((2)+(5))+((3)-((3)/(3))))-((2)+(1))))))),-0.037037037037
((2)+(((3)-(((4)*(1))+((((1)/(5))/(4))-(((4)-(5))-(4)))))-(1))),-5.05
(((((((1)-(((2)-(3))-(1)))/(3))*(3))*(5))*(3))*((2)*((5)*(4)))),1800
((((1)*(5))-(((5)*(2))*(((4)*(2))-(((4)-(1))*((1)/(3))))))-(1)),-66
((((5)*((3)*(1)))+((((2)*(4))-(2))/(2)))+((4)*(((1)*(5))/(4)))),23
(((5)*((((5)*(3))+(1))/(((2)-(3))*(4))))*((((1)*(4))-(3))/(5))),-4
((2)/((3)-((5)/((((3)+(5))/(((5)*(4))*(1)))-(((5)*(3))/(3)))))),0.489361702128
((1)+((1)*((((3)+((((5)-(1))/(2))*(5)))-(((5)*(2))+(3)))-(5)))),-4
((4)+((((3)-((((4)+(1))*((3)+(5)))-((3)/(1))))/((2)-(1)))-(3))),-33
((((1)*(((4)+(5))-(1)))/(5))-(((((1)*(3))*(3))-(4))/((2)*(2)))),0.35
(((3)*(((2)+((1)/(((3)-(5))+((3)-(5)))))/((5)*((4)/(4)))))+(4)),5.05
((((2)+(4))-(1))*((4)*((((4)+((2)-(3)))-((3)/((3)*(4))))/(3)))),18.3333333333
(((5)+((1)-(((5)*(4))+(((5)*(3))-(1)))))/(((5)*((2)/(4)))*(3))),-3.73333333333
(((2)/((1)+((3)-((2)-(((4)-(((1)-((4)+(2)))-(1)))-(4))))))*(5)),1.25
(((3)-((2)+((2)-(2))))/((((2)-((4)-(3)))/(2))*(((2)/(3))*(1)))),3
(((((2)/(3))/(5))*(((3)+((1)/(4)))*((1)+((3)/((2)*(4))))))*(5)),2.97916666667
(((((3)+(1))*((5)/(((((3)+(2))*((3)*(3)))+(1))*(2))))-(4))*(5)),-18.9130434783
(((5)*((1)/(2)))*((((4)*((5)+(1)))*(1))*((3)+(((5)-(4))*(2))))),300
((2)/((3)-((((((1)+((2)+(5)))/(5))*(2))*((3)*(1)))/((3)+(3))))),1.42857142857
((((2)*((4)*(5)))*((1)-(3)))/((2)-((2)*(((3)*((1)+(4)))-(2))))),3.33333333333
((((2)*((5)+(2)))-((2)/(4)))+(((4)-((4)/((4)/((3)-(1)))))*(5))),23.5
(((((3)*(2))*(3))/((((5)+((1)+(4)))-(2))+(((2)/(4))*(4))))-(5)),-3.2
(((4)/((3)-(5)))/((((3)-((5)-(3)))*((1)*(((2)-(4))-(4))))-(2))),0.25
(((((3)/(1))-((3)-((2)-((1)-((2)-((3)*(3)))))))-(4))*((2)*(1))),-20
(((3)*(5))+((((2)+(1))-((((((2)-(4))-(4))-(2))*(1))*(4)))*(5))),190
((2)/((((1)/(2))/(((((5)/(3))-((2)-(5)))-(1))-(2)))/((3)-(5)))),-13.3333333333
(((3)-(((5)-((((3)/(5))*(1))/(((4)/(5))+(5))))*(3)))-((4)/(4))),-12.6896551724
(((4)-((4)/(3)))-(((2)/(1))-((((3)/((3)-(4)))*(5))/((3)-(1))))),-6.83333333333
(((4)/((((3)-(4))/((5)+(1)))/(((5)/((1)*((5)/(3))))-(1))))-(2)),-50
((3)*(((5)+(((((1)/(((5)+(5))-((1)/(2))))-(4))*(5))/(3)))*(2))),-8.94736842105
(((5)/((1)-((2)/(1))))*((((2)-(2))/((5)*((2)-(4))))+((5)-(2)))),-15
((3)+((3)/((2)/((4)*(((((3)/((1)+((4)/(5))))-(3))-(2))+(4)))))),7
(((((4)-(1))-(1))+((4)+(3)))+(((5)+((2)-(5)))*((3)-((3)/(3))))),13
((1)/((4)/((4)-(((((((3)/(3))-(5))-(2))+((5)+(5)))*(3))+(1))))),-2.25
((1)/((((2)*((1)*(4)))-((3)+(2)))-((5)+((3)*((1)-((5)+(4))))))),0.0454545454545
(((2)+((((((5)-(5))+(5))/((((2)-(1))+(1))*(1)))+(4))-(3)))+(3)),8.5
(((((2)*((1)*((3)+((2)/(2)))))-((5)*(((5)-(2))*(1))))*(4))*(4)),-112
(((3)*(1))-(((3)/(2))-(((1)+((4)-((2)/(3))))/(((4)*(5))/(2))))),1.93333333333
(((((5)*(2))-(((3)+(2))-(2)))+(1))*((1)+(((2)/(1))-((5)-(5))))),24
(((((2)*(3))/(1))/((1)/(3)))-(((((3)/(3))/((1)-(3)))+(3))*(1))),15.5
(((4)+((3)/(((1)-((((1)/(3))-(3))+(1)))*((2)*(1)))))+((5)*(5))),29.5625
(((((5)*((5)/(1)))-(4))*((5)*(((1)/(3))-(((2)+(4))/(4)))))-(1)),-123.5
(((((((4)/(5))*(4))-((((3)*(1))*(5))-(3)))/((1)-(2)))*(1))*(2)),17.6
(((2)+(((2)/(5))/((5)/(2))))*((5)/((((2)-((3)+(5)))-(3))+(4)))),-2.16
(((1)*(((3)/((((2)/((4)/((5)-(4))))-(1))+(1)))/(4)))/((1)+(3))),0.375
((((((3)+(2))+((4)+(5)))+((2)*(2)))*(((2)+(5))-((1)-(4))))/(3)),60
((((((4)-(4))/((((3)-(1))/(3))*((5)/(2))))/(1))-(1))/((2)*(3))),-0.166666666667
((((2)-(4))*(((5)/(1))+(2)))*(((2)-((3)+(2)))*(((1)-(4))+(3)))),-0
((((5)*(((4)-(1))/((4)/((2)+(2)))))-(1))*((((5)+(4))-(5))*(2))),112
((((((((2)*(5))/(3))-(4))+(3))*((1)/(2)))+((1)+((2)*(2))))*(4)),24.6666666667
((((2)/((2)+(((3)*(5))+((2)/(4)))))+(1))-(((3)*((4)+(5)))*(3))),-79.8857142857
(((1)+(2))*(((4)+(3))+((5)*(((((3)/((4)/(2)))-(1))/(1))*(1))))),28.5
(((4)/(5))*(((2)-(((4)+(1))+(((3)*((4)+(4)))/(3))))-((4)+(4)))),-15.2
(((1)+(2))/(((((1)-(1))+((2)*(1)))-(1))*((((5)*(1))*(4))-(2)))),0.166666666667
((5)+(((5)-((2)*((5)+(((5)-((1)+(1)))/((2)*((3)+(1)))))))*(3))),-12.25
((((1)*(3))/((((4)+((((2)-(3))-((1)*(1)))*(3)))-(1))*(1)))+(5)),4
(((((5)*((((2)+(2))+(2))+(4)))-((5)+(4)))+((2)*(3)))*((5)*(3))),705
((((((1)/(3))/(3))-(((2)*(((2)*(3))*(5)))*((3)*(3))))+(5))-(5)),-539.888888889
((((1)-((((1)/((3)*(2)))-((3)*(5)))+(1)))-(2))-(((5)*(3))-(2))),-0.166666666667
(((3)/(3))*((4)/((((2)+(3))+((1)/(1)))+(((3)/(4))/((5)*(3)))))),0.661157024793
(((3)+((((5)+((2)+(1)))+(1))*(3)))+(((4)-((2)*((4)/(2))))/(4))),30
((4)-((1)/((((4)-(1))/((3)*(5)))/((2)/((2)/((3)-((1)-(2)))))))),-16
((3)*((((2)-(((4)+(1))*((4)*((3)*(2)))))-(1))*(((4)*(5))+(2)))),-7854
((2)*((((2)+(4))/(2))/(((((1)-((5)-(1)))*(5))/((2)*(2)))+(4)))),24
(((((1)/((2)+(3)))+((1)+((((3)*(1))+(5))+(3))))-(5))*((2)*(2))),28.8
(((1)*(2))-((((1)*((2)/(2)))/(((((5)/(4))*(4))+(1))-(4)))+(2))),-0.5
(((4)-(((3)-((3)-(((((3)/(4))*(2))-(4))/(5))))/((2)*(1))))-(1)),3.25
(((1)*((2)/((3)*((1)-(4)))))+((5)+(((2)-(2))-((3)+((1)/(3)))))),1.44444444444
((((((1)-(((3)+(5))+(4)))+(2))*((3)-((4)+(1))))*(5))/((5)+(4))),10
(((((5)+((5)+(2)))+((3)/((2)/(((2)+(5))+((3)+(5))))))/(4))+(4)),12.625
(((5)/(((3)/(4))*(((3)+(((3)*(1))*(3)))+((5)-((5)*(4))))))+(1)),-1.22222222222
(((((2)*(2))+((3)/(4)))*((((3)-(2))-(2))*((4)-((3)+(3)))))+(3)),12.5
((3)-((4)*((4)+(((((5)-(4))-(4))+((3)*(((2)/(1))*(2))))*(4))))),-157
((((1)/((3)+(3)))-(((4)+(((5)*((1)/(4)))*(4)))-((2)+(3))))+(2)),-1.83333333333
((2)+((((4)/((1)-(2)))-(5))/(((2)*(5))-((3)+((3)+((2)/(5))))))),-0.5
(((((((4)-(1))*((3)+(3)))+(5))-(2))/(((2)/(5))-((2)+(5))))+(1)),-2.18181818182
((((((3)-((4)*(2)))+(3))/(((4)/(4))+(1)))-((2)*(5)))/((5)-(4))),-11
(((3)*(1))/(((((5)/((4)-((2)*(5))))-(5))+(((4)-(1))+(5)))*(2))),0.692307692308
((((5)*((1)+(5)))-((((5)-((((1)/(5))+(5))/(5)))-(1))-(1)))+(3)),31.04
((1)-((((1)-((2)+((2)+(3))))+((((4)/((1)/(3)))*(2))-(5)))-(1))),-11
((((((1)-(((2)+(3))/(5)))*(1))+((1)/(4)))/((3)*(3)))-((1)+(3))),-3.97222222222
((3)*((5)*(((4)-(1))/(((((5)+(3))+(2))*((5)+((2)*(2))))*(5))))),0.1
(((4)/((((1)*(4))-((3)+(3)))*((5)-((1)+(2)))))*(((2)/(5))*(5))),-2
((((1)*((4)*((2)+(4))))-(4))+(((1)+(((2)/(2))/((1)+(2))))*(4))),25.3333333333
((((1)+(4))*(5))+((5)+(((3)+((3)-(5)))+((((3)*(4))*(5))+(3))))),94
(((3)-((((1)*((((1)*(3))*((5)-(5)))-((2)*(4))))-(1))-(3)))-(4)),11
(((((2)*(1))*(((4)*(3))+(5)))*(((3)+((4)/((4)-(3))))*(4)))+(2)),954
(((((((5)-(((1)/(3))/((4)+(2))))+(4))-((4)/(2)))-(1))+(4))/(1)),9.94444444444
(((2)+((5)*((1)*(4))))*((3)/(((1)*(2))-((1)/(((2)-(5))/(1)))))),28.2857142857
(((((((5)/(3))+(((3)*(1))/(5)))/(1))-((4)/(3)))*((1)-(2)))/(4)),-0.233333333333
((((((1)+(5))*((((1)/(3))*(((2)+(1))+(1)))/(2)))+(1))/(4))*(3)),3.75
((4)*(((((5)*(2))*(1))/(((2)+(4))*(1)))+(((5)-(4))/((3)/(3))))),10.6666666667
((5)+((5)-((3)/(((3)+(1))/(((4)/(((2)*((3)/(3)))/(5)))/(3)))))),7.5
((((5)-((1)/((((5)/((3)-((2)*(3))))-(4))-(5))))*(2))+((1)*(5))),15.1875
(((4)/(1))/(((2)+(((5)+((1)/((5)/(4))))*((3)-(2))))-((5)+(4)))),-3.33333333333
(((((5)+(4))-(5))+(((5)-((((3)/(4))-(3))-(5)))+((1)+(4))))/(1)),21.25
(((4)*((1)+((((5)/(3))/(((4)+(4))/(4)))-(5))))-(((1)*(2))+(5))),-19.6666666667
(((((3)*(1))-((1)/(1)))*((1)/(((2)+(((4)+(5))+(3)))*(1))))-(3)),-2.85714285714
((((((1)/(3))+(3))-((3)/(3)))+((1)/(((4)*((3)-(1)))-(2))))/(5)),0.5
((2)+((2)+((((((3)-((4)*((3)*(1))))/(1))*(2))/(1))-((5)/(5))))),-15
(((4)+((4)+((3)/(((5)-(1))/((2)/(((1)/(3))+((1)*(1))))))))/(3)),3.04166666667
(((5)/(1))-((5)/((5)+(((4)/(2))-((((3)+(5))+((5)+(4)))+(1)))))),5.45454545455
((((5)+((3)+(5)))+(((5)*((5)/(((2)*(5))-((5)/(2)))))/(1)))/(3)),5.44444444444
(((4)*(((((1)*((1)/(5)))-((1)/((4)-(1))))+((4)+(5)))-(1)))+(4)),35.4666666667
((1)*((5)/(((1)+((4)*(3)))*((2)+((((2)/(4))+(1))+((1)+(2))))))),0.0591715976331
((5)*(((4)-(4))/((4)-((4)*(((((1)+(2))+((3)-(4)))/(4))-(5)))))),0
(((((((3)+(3))-(4))-(5))-(((3)/((2)+(5)))/(4)))+(3))/((3)+(3))),-0.0178571428571
(((2)-(((2)-(3))/((2)/((((1)*((4)*(2)))*((4)*(2)))-(1)))))*(2)),67
((4)*(((((((2)+(2))/(((4)*((1)*(2)))-(1)))/(1))/(3))*(2))/(5))),0.304761904762
(((((((2)-(((5)/(4))-(4)))*((1)/(4)))/((2)*(2)))-(3))*(5))/(1)),-13.515625
((((2)*(4))/(3))+(((3)/(1))+(((5)/(5))+((5)+((5)*((5)/(1))))))),36.6666666667
((5)/((((3)/(5))*(5))*(((4)-((3)/((5)-((4)+(2)))))/((2)/(4))))),0.119047619048
(((3)*(((4)*(((4)-(5))-(4)))-(1)))/((2)-((2)*((4)+((2)*(3)))))),3.5
((2)*((1)*(((2)/(((4)/(((4)-(3))+((3)*(2))))-(3)))+((5)+(1))))),10.3529411765
((1)+(((((3)/(2))+(3))-(((1)/((3)/((2)+(2))))*(1)))/((2)-(3)))),-2.16666666667
((1)+(((4)*((5)+((((4)+(2))*((4)+(1)))-(((5)*(2))+(3)))))/(4))),23
((1)+((5)*(((1)+(((((3)/((5)+((3)-(3))))*(3))-(2))*(5)))*(4)))),1
(((((1)+((3)-(4)))*((1)*((2)/(4))))-(4))-((5)-(((4)-(4))/(2)))),-9
(((((1)+(2))+(1))+((3)/(5)))/((2)/((2)-((1)/(((5)-(1))*(5)))))),4.485
(((((4)-(3))-(((1)-(2))/(3)))-((3)+(((3)-((2)*(2)))*(4))))*(3)),7
((3)-(((((4)/((((4)-(4))-(4))*(4)))+((3)-((5)*(3))))+(5))/(2))),6.625
((((2)*(((2)*((1)/(5)))+((5)*((5)+((2)+((5)-(1)))))))+(3))+(5)),118.8
((1)+((1)-((2)-((((1)*((3)/(4)))-(5))-((5)-((1)-((1)*(2)))))))),-10.25
((3)+((2)-((5)*((4)/(((4)+(4))/((((1)+(5))*((4)*(2)))/(4))))))),-25
(((3)/(1))*(((((5)*(2))-(4))*(((2)+((1)*(4)))*(1)))+((5)/(4)))),111.75
((((5)/((5)/(3)))+((((4)+(5))+((4)+(3)))+(1)))+((1)*((2)*(4)))),28
(((((((((4)*((5)/(1)))+(5))-(5))*(5))-(3))-(3))/((4)-(3)))-(1)),93
((((4)/(((5)+(4))/((5)/(4))))/(4))+((((2)*(2))-(3))/((3)-(4)))),-0.861111111111
(((((4)/(((((3)/(3))*(5))-(5))-(((1)/(1))-(5))))-(4))+(4))+(5)),6
((((((3)/((3)/(4)))+(5))*(4))+(((3)+((1)-(5)))+((1)/(4))))*(4)),141
(((((3)-(1))/((5)*(4)))-(1))*((((2)-(3))-(((4)+(2))*(1)))/(4))),1.575
((((5)/(((4)-((2)+((5)/(4))))/(3)))+(3))+(((2)-((5)-(4)))*(4))),27
((((((4)*(4))*(1))-(3))-(((1)/(3))/(3)))-((((4)/(3))+(2))/(1))),9.55555555556
(((((((2)-(4))+(1))+((4)+((2)-(5))))*(4))-((1)/((2)+(1))))-(1)),-1.33333333333
(((2)-((((((3)+((4)/((2)/(4))))+(5))+(5))-((5)*(1)))+(3)))/(2)),-8.5
(((2)/((3)-(2)))*(((((1)+(3))-((5)-(2)))/(1))-(((1)-(3))+(1)))),4
(((3)-(((2)+(2))-((5)+(((((3)-((5)*(1)))*(2))+(2))*(3)))))/(3)),-0.666666666667
((4)+(((2)/((5)*(((3)+(4))-(((2)-(1))-((1)-((2)+(4)))))))+(1))),5.4
(((3)+((2)-((4)*(5))))+((2)/((4)+((1)+(((4)-(5))*((4)+(2))))))),-17
(((((1)+(3))*(1))/(((3)/((2)*(((5)-((1)/(1)))/(2))))*(5)))-(5)),-3.93333333333
(((((3)-(2))-(((3)*(5))-(5)))-(1))/((3)-((4)*((1)-((2)*(3)))))),-0.434782608696
((3)/(((1)+(((3)+(((1)*(2))-(((1)*(1))*((4)-(3)))))*(1)))*(1))),0.6
(((4)-(3))/(((2)*(((2)*(5))/(((2)/(1))-(((2)/(1))+(2)))))+(4))),-0.166666666667
((((((5)-(4))+((2)-(2)))*(((5)/(5))-(3)))*(((3)*(2))-(2)))/(2)),-4
((((3)-(((5)*(4))+(((5)+(((4)+(5))-(4)))/(5))))-(5))-((2)/(5))),-24.4
((((((2)/((5)+(1)))/(5))/(((4)/(4))-(3)))+((3)-(1)))-((1)+(3))),-2.03333333333
((3)*((5)*(((((1)*((1)/((5)/(5))))/(((2)*(1))*(1)))*(3))-(1)))),7.5
(((((2)*(1))*(4))*((((((2)/((5)-(1)))/(1))*(2))-(4))-(2)))+(3)),-37
((((1)+((2)-(3)))+(((4)/(1))-(((3)-(3))+(1))))/((5)+((4)+(4)))),0.230769230769
(((5)/((2)*((1)/(2))))*((((3)*((4)-(1)))/(3))/(((1)/(3))-(3)))),-5.625
((5)-((4)/((2)-(((4)+(3))/((2)-(((((4)+(2))+(5))-(2))+(4))))))),3.48275862069
((((4)+((4)/(5)))-((3)*(((((4)+(1))*(4))+(1))/(1))))*((3)-(3))),-0
((((1)/((((4)/(1))/(4))/((5)-(2))))-(((1)*(5))-(4)))-((2)/(1))),0
((((3)/(1))*(1))*((3)+((((5)*(2))-(((5)+(4))+((3)/(2))))*(1)))),7.5
((1)+(((((3)-((((((3)*(1))/(2))-(1))*(5))-(1)))+(5))+(5))/(4))),3.875
((((4)+((((3)/((3)*(4)))*(2))*((4)/(3))))-(((5)*(5))/(5)))+(3)),2.66666666667
(((1)*((3)-(((((1)/(2))/(((3)-(4))*(2)))-(3))*(3))))+((3)+(5))),20.75
((1)/(((4)/(3))*(((3)-((5)+((3)-(1))))/((4)-((2)+((3)/(5))))))),-0.2625
((((3)-((1)+(3)))-((4)+((2)+((1)-((1)-((4)+((4)+(3))))))))-(5)),-23
((((2)-((3)/(2)))-(1))+((((3)+(3))-((4)-(1)))*(((3)-(1))/(3)))),1.5
((4)+((4)/((((2)*((5)/(((5)*((3)*(4)))+(2))))*((5)-(2)))/(2)))),20.5333333333
(((((((1)/(2))/(5))*(1))+((1)*(2)))*(((4)*(5))-((4)/(4))))+(5)),44.9
(((((((3)+(5))-((2)/(1)))+((2)-(4)))/(((2)/(2))*(1)))*(2))/(3)),2.66666666667
(((1)*(1))/((((3)+(5))-((4)*((((4)-(5))+(4))/(4))))*((3)-(5)))),-0.1
((3)*((((2)/((((4)-(2))+(2))*(5)))+(5))-((((4)/(1))+(2))/(5)))),11.7
((3)/((3)-((((((5)+((5)+(((3)/(5))*(5))))*(1))*(4))/(3))+(1)))),-0.195652173913
((((((3)+(5))/(1))/((5)+((5)/(((5)/(4))-(1)))))-((1)/(4)))*(1)),0.07
((4)-((4)+((((3)*(3))*((2)*(((((1)/(5))*(5))+(4))+(3))))/(1)))),-144
((((3)/(5))/(((5)/(((1)+(((4)-(3))/((2)+(5))))*(3)))*(2)))-(1)),-0.794285714286
(((((3)+(3))/(1))/(((3)*(4))*((2)/(((4)/(5))/((5)+(1))))))*(2)),0.0666666666667
((2)-((3)*((2)+(((5)-(5))*(((4)*(2))+((1)*(((1)*(3))/(2)))))))),-4
((((1)/(5))/(2))+((((5)/(1))*((3)*((2)/(((5)*(5))*(5)))))+(2))),2.34
((4)*((((5)*((((1)*(((1)*(5))+(1)))*(1))+((5)/(4))))*(2))-(1))),286
(((3)+((4)*((((4)/(5))*((4)/(1)))-(((5)-(1))*((2)+(2))))))*(5)),-241
(((2)+(3))+(((((2)-(5))/(2))/((((5)-(1))*((2)*(2)))/(3)))/(4))),4.9296875
(((5)*(4))-((((4)*((((1)+((1)+(1)))*(1))+((3)*(4))))-(1))-(1))),-38
((((2)*(2))-(((1)*(4))-((4)/(5))))/((((5)/(4))*((2)*(1)))+(1))),0.228571428571
(((3)*((2)-(5)))*(((((3)+((5)*(2)))/(((2)+(2))*(2)))*(2))*(4))),-117
(((3)*(((2)-((5)-((2)-((2)+((((1)*(2))+(2))-(2))))))*(1)))+(5)),-10
(((1)*((1)-((3)*((1)-(1)))))-(((1)*(2))-((4)/(((1)+(1))+(3))))),-0.2
((4)/(((1)-((4)-(2)))-((1)-((3)/(((4)/(((2)*(5))-(4)))-(3)))))),-1.21739130435
((((4)/(((5)/(((1)-(1))-(3)))/((3)+((4)*(1)))))+(5))*((5)/(2))),-29.5
((((4)+((((3)*(1))+(1))-(((3)*(5))-(((4)*(1))/(3)))))-(2))/(4)),-1.91666666667
((1)/(((2)+(3))+((4)-(((1)/(2))-(((4)*(3))*(((1)/(3))-(5))))))),-0.0210526315789
(((3)-((((((((1)*(4))*(2))/(3))+(1))*((2)*(5)))-(3))/(4)))/(1)),-5.41666666667
((3)*(((5)*((4)/(((1)-(5))+(((5)*(1))*((2)+(5))))))+((2)/(3)))),3.93548387097
((5)+(((1)*((((((1)-(1))*(3))+(2))-(2))*(5)))*((4)/((3)/(3))))),5
((((3)-((4)/(5)))/(3))*(((4)+((2)-((((1)*(2))-(3))*(4))))*(4))),29.3333333333
((((((3)*((3)+(3)))-(((5)+(2))+((1)/(4))))+(4))/(3))+((3)+(2))),9.91666666667
(((((4)/(4))*((3)+((5)-((1)+(3)))))*((4)-((5)+((3)+(5)))))-(4)),-40
(((4)*(((3)+((1)*(1)))+((((3)+(((4)/(4))/(4)))/(1))*(4))))*(3)),204
((5)/((((1)*(5))-(5))-((((((5)/(1))+(2))*(1))+((3)*(3)))/(4)))),-1.25
((((((5)-(((4)/(4))/((4)+(1))))*(5))+(1))+((1)+(5)))-((4)/(2))),29
((5)+((3)-((((1)+(1))-(1))+((((5)+(2))-((4)+((4)*(2))))+(5))))),7
(((1)-(((3)-(3))+((1)*(2))))*((3)/(((2)/(((2)*(2))+(2)))+(4)))),-0.692307692308
((4)*((5)-((((1)+(3))+(((((5)+(2))/(4))-((4)-(1)))+(5)))+(2)))),-19
((3)+((((1)+((2)-((3)/(4))))-((((1)/(3))/(4))*((1)*(3))))+(4))),9
((5)/((((4)/((3)*(2)))*(5))*((1)/((3)+((((1)+(4))+(1))*(5)))))),49.5
(((1)/(((((5)/(5))-((3)+((4)-(4))))*(5))-(2)))*((3)+((5)*(5)))),-2.33333333333
(((5)+(4))-((3)+(((2)+(((4)+(3))*(((2)/(3))-((5)/(5)))))-(4)))),10.3333333333
(((1)-((((3)*((((((1)-(4))/(5))*(2))-(2))*(3)))-(2))/(2)))+(4)),20.4
((5)-(((((5)-(2))+(4))+(((4)+(3))+(((5)/(2))/(3))))/((3)+(1)))),1.29166666667
(((5)+(1))+(((1)/(4))*((3)/((((3)-(1))+(((3)+(2))*(2)))-(3))))),6.08333333333
((5)*(((1)-((1)/(((4)-(5))-(2))))*(((5)-((4)/(1)))/((1)/(1))))),6.66666666667
((((4)+((3)/(5)))*((((5)-(3))+(((1)*(2))/((2)/(3))))/(1)))-(1)),22
(((3)*((((4)*(((4)*(2))+(2)))/((5)*(5)))*(((2)-(5))/(2))))*(5)),-36
((((4)+(((1)/(4))/(1)))-(2))/((3)/(((1)*((5)+((5)+(1))))-(3)))),6
(((((3)+(3))/((2)+(5)))+((2)/(((4)*((1)-(1)))+((3)*(3)))))/(1)),1.07936507937
((5)+(((2)-((2)/(((2)-((((2)*(5))/(1))-((5)*(2))))+(1))))-(2))),4.33333333333
((2)-(((4)-(4))*(((5)+(((((5)-(1))+(1))/(5))/(5)))*((1)-(4))))),2
(((2)*(((2)+(5))+((3)*(2))))-(((3)/(((1)*(1))/(5)))+((2)*(1)))),9
((1)-(((4)-((((4)*((4)+(2)))*((5)+(3)))+(3)))+((2)*((2)*(5))))),172
((((5)-((4)+(((((4)/((1)+(5)))-(3))/(2))+(5))))-((2)*(1)))*(4)),-19.3333333333
((((((2)*((((1)/(3))/((1)/(4)))*((3)/(2))))+(2))/(1))*(5))*(2)),60
(((2)-(((4)+(((((2)+(1))/(1))/(5))+((2)*((4)+(1)))))*(2)))*(3)),-81.6
((3)-((1)+(((((3)/(1))*((((1)-(5))-(5))-((3)*(3))))/(4))+(3)))),12.5
((((2)-(3))-(((3)-(1))-(((4)+(1))-((5)+(((2)-(5))+(5))))))*(3)),-15
(((((4)+(((5)+((5)+((3)*(((1)-(1))+(4)))))/(5)))/(2))/(5))-(4)),-3.16
((2)/(((((5)+((3)/(2)))+(3))/(2))-(((4)*((1)/((2)-(4))))+(4)))),0.727272727273
((((((3)*(1))+(1))*(2))*(1))+((1)-(((((5)/(5))-(3))/(5))/(3)))),9.13333333333
((((2)-((1)-(3)))+(3))-(((((5)/(1))-(2))/(((5)/(2))/(1)))*(1))),5.8
((3)*((((5)-(((3)*(((5)+((1)-(5)))+(3)))/(1)))*((1)+(2)))*(1))),-63
(((1)/(((3)+((3)*(5)))*((1)-((5)+((((2)-(1))+(3))+(5))))))+(3)),2.99572649573
(((((1)-(2))*((((4)*(1))+(1))-((4)-(2))))*((3)/((2)+(3))))*(1)),-1.8
((((((4)+(1))/(((2)*(5))/(1)))+(1))/((3)+((3)+((4)*(3)))))+(1)),1.08333333333
((((1)*((((5)*(1))/(4))+(4)))*((5)/((1)-(((2)*(2))*(5)))))*(5)),-6.90789473684
(((1)+(3))-((4)-(((((5)-(2))*((1)*(5)))/(4))*(((1)-(3))*(4))))),-30
(((3)+(((((4)+(4))*(2))/(2))+(4)))/((((4)/((3)+(4)))/(1))*(2))),13.125
(((1)-(4))*(((2)+((5)/(1)))-(((((2)*(5))-(3))*(5))*((5)-(1))))),399
(((2)/(1))-((((5)+(((5)*(((5)-(5))+((2)-(2))))+(5)))*(4))+(1))),-39
(((((5)-((4)*((1)*((4)/(3)))))*(1))/(((5)-(4))/(3)))*((5)+(5))),-10
(((3)/(((5)+(4))/(((1)/(((3)/(5))/(1)))-(2))))+(((1)+(5))*(5))),29.8888888889
((((((1)+(2))-((3)/(3)))-(5))-((4)-(((4)/(5))/(1))))-((5)/(1))),-11.2
((((5)/((((2)/(5))*(5))*(3)))-((3)+(((1)/(3))/(5))))*((5)*(3))),-33.5
(((5)+((1)/((1)*((4)+((4)/((3)/(((2)*(2))/(5))))))))+((5)*(2))),15.1973684211
((3)-(((1)-(3))+((3)/((4)*(((((4)/(3))/((3)*(4)))+(4))/(3)))))),4.4527027027
((1)-((1)*(((((1)/((4)/(2)))-((((2)+(4))*(4))-(1)))/(5))/(3)))),2.5
(((4)-((5)+(2)))+(((4)*(((((1)+(5))/((4)+(3)))*(1))/(2)))*(3))),2.14285714286
(((((3)/(3))/(((5)*((1)/(4)))*(4)))+(5))/(((2)-(1))+((5)*(3)))),0.325
(((4)+((4)*(((4)+(4))+((2)-((2)+((4)-(1)))))))/(((3)*(4))*(2))),1
(((((5)+(5))-((5)*((5)*(5))))-((2)*((5)*((5)*((4)+(4))))))/(1)),-515
(((((2)+(4))-(5))+((4)*(((5)-((5)-((2)*((5)-(5)))))-(2))))-(2)),-9
(((((((2)+((4)*(3)))*(4))+(1))*(((1)/(3))/(1)))+(1))-((2)*(3))),14
(((((5)-(2))+((1)*(((4)/(((4)*(5))+(3)))/(2))))*((5)+(4)))/(2)),13.8913043478
(((4)*((2)*(1)))+((2)+((2)/((5)-((3)+(((4)/((5)+(5)))*(3))))))),12.5
(((3)/(((3)-((1)*(1)))*(5)))/((5)+((5)+((4)/((5)/((5)-(1))))))),0.0227272727273
((((2)-(((5)-((((1)/((5)-(3)))*(4))*(1)))-(5)))+(2))*((2)-(4))),-12
((((((5)-(((2)+((5)/((3)/(1))))+(5)))*(4))-((4)*(2)))/(3))*(5)),-37.7777777778
((4)*((3)*(((1)+((((5)/((5)-(4)))+(5))-((5)/(5))))+((5)/(3))))),140
(((4)*((((((4)-((3)+(2)))+(4))-(3))+((4)*(2)))/((5)/(3))))*(4)),76.8
(((3)-((2)+((((4)*((5)-(3)))-((4)+(((5)*(2))-(3))))+(2))))*(2)),4
((((((((2)*(5))-(((5)/(1))+(3)))*((1)+(4)))+(1))+(2))/(3))-(4)),0.333333333333
((((2)*(2))-(((4)+((1)/((3)/(2))))/(3)))*((3)+(((4)-(3))+(2)))),14.6666666667
(((1)-(((((1)-(1))+(((1)*(1))/(1)))-(1))+(((1)*(3))+(3))))*(1)),-5
((5)+((2)+((3)+(((1)-((4)/((1)+(2))))*((4)+(((5)+(5))-(5))))))),7
(((((5)+((1)*((((2)-((1)/(2)))+(3))+((5)*(3)))))*(3))*(4))/(1)),294
(((3)*(((4)/((1)/((2)+((4)-(2)))))-((5)-(4))))*((4)/((1)-(5)))),-45
((((5)+(4))*((5)-(2)))-((((((3)/(1))-(4))-(1))/(3))/((1)+(5)))),27.1111111111
(((((1)+(1))/((3)+((2)-(3))))-(((1)+(2))*(2)))*(((2)-(1))*(4))),-20
(((4)/((((3)+(((1)/(4))+(1)))/(2))/(2)))/((((3)-(3))-(3))+(5))),1.88235294118
(((((5)+(((2)/((2)*(3)))/(((1)/((3)/(1)))-(4))))/(2))*(4))+(3)),12.8181818182
(((((((((4)-(4))/((1)*(1)))+(2))/(5))/(3))*(2))-((2)+(4)))-(3)),-8.73333333333
((4)+(((((4)*(((5)*(3))-(((2)-((5)*(1)))+(1))))*(2))-(2))+(3))),141
((2)-((1)-(((1)*(2))-(((5)-(((1)-((4)*((3)+(4))))*(3)))-(2))))),-81
(((((3)*(4))/((4)/(((2)-(3))+((1)/(3)))))-(4))+(((2)/(4))+(4))),-1.5
(((1)*(((1)+(3))*((2)+(((((5)*(1))/(4))+(3))/(4)))))-((1)*(3))),9.25
((1)-((2)+(((((1)+((4)*((5)+(2))))*(1))*(((4)-(1))-(5)))/(5)))),10.6
(((1)+((3)-(((((1)+((2)/(3)))+(3))-((5)*(3)))-((4)/(4)))))+(5)),20.3333333333
((2)/((((((3)-(3))+(((3)*(4))-(5)))-(2))*(((5)/(1))+(5)))-(1))),0.0408163265306
(((4)*(5))*(((2)+(5))*(((4)+(((4)*((2)*(1)))+((2)-(2))))+(4)))),2240
(((((2)-(1))+((3)/(((5)*(((5)/(2))/(3)))+(2))))/((4)-(5)))*(3)),-4.45945945946
((5)+(((1)/((((4)/((5)-(3)))-(3))*((3)-(5))))*((3)+((4)*(5))))),16.5
(((3)-((2)-((2)*((5)+((3)*((((4)-(2))+(1))+((2)+(4))))))))/(2)),32.5
((3)+(((4)+((((3)/(5))*(((2)/((2)+(5)))+((3)*(2))))+(3)))+(2))),15.7714285714
(((2)*(((1)/(((3)+(5))*((1)+(1))))-(5)))*((((2)+(5))/(1))-(5))),-19.75
((((((((5)/(2))/(3))/(2))-((5)-(3)))+(2))-(2))*((5)+((1)+(3)))),-14.25
(((2)-((((((5)/(5))*(((2)/(3))+(4)))-(3))*((5)*(5)))*(4)))*(1)),-164.666666667
((5)*(((((2)/(1))+(4))*(1))*((5)/((5)/(((4)+(4))*((3)+(2))))))),1200
(((1)+((2)*((3)/(5))))/((((4)+((((3)-(5))-(4))+(1)))/(5))-(5))),-0.423076923077
((4)+(((4)/(((5)-((3)*((1)/((1)/(2)))))+((5)-(1))))*((2)*(2)))),9.33333333333
(((1)/(((((((1)-(1))/(((4)+(2))*(1)))-(5))/(3))-(1))*(3)))-(1)),-1.125
((5)+(((1)*((4)/((((1)/((((3)-(1))+(5))*(1)))+(5))/(1))))+(3))),8.77777777778
((((2)-(((5)*((((3)-(3))-(3))+(3)))-(4)))-((5)+(3)))-((5)/(4))),-3.25
(((((4)+(4))-((1)-((((2)+(2))+((2)/(4)))*(5))))-(5))*((1)-(4))),-73.5
((3)-((5)*((((1)/(((4)+((((4)-(3))-(4))*(3)))+(1)))+(5))+(5)))),-45.75
((5)/((((4)/(((5)-(((((1)*(3))-(1))+(3))+(3)))/(1)))/(3))/(1))),-11.25
((1)*((((4)-(((3)-((((5)*(3))+((4)+(4)))+(2)))/(5)))*(2))-(2))),14.8
((((((3)*(4))-(((5)-(((5)*(1))-(5)))*(3)))-(5))/(3))-((2)*(2))),-6.66666666667
(((((3)/((5)*((5)+(((3)-(4))-(5)))))*(2))/(1))-(((4)/(4))-(5))),2.8
((((5)*(2))*((5)+(((((5)/((1)-(2)))*(2))/((1)*(4)))-(5))))/(3)),-8.33333333333
((2)*((((((2)+((3)/(1)))*(2))*(((1)/(3))+(2)))-((2)*(1)))-(2))),38.6666666667
((((((1)+((3)*(4)))*(2))+(1))*((3)+(((2)/(4))*((4)*(5)))))*(5)),1755
((((((5)-(2))+((((5)/(5))+(4))*(((5)/(1))-(2))))*(5))-(4))*(1)),86
((4)*((((2)/(((3)*(3))*(1)))/(((4)-(3))/((5)/(4))))/((5)+(2)))),0.15873015873
((1)-(((((3)+(((5)*((1)*(4)))+(4)))/(((3)*(2))+(4)))+(4))/(4))),-0.675
((5)-((((2)*(1))/((((2)-(3))+(((5)-((1)+(4)))*(1)))*(5)))*(3))),6.2
(((((4)+((3)-(2)))-(1))*((2)*(2)))-(((4)/(((3)*(1))+(1)))-(4))),19
((3)/((((2)/(((2)+(3))*((3)/(1))))*((3)+((2)*(5))))-((2)+(1)))),-2.36842105263
((5)/((5)+(((3)+((5)-(((5)+(2))+(5))))*((((3)-(2))+(4))/(5))))),5
(((((1)+(2))/(4))+(4))+(((((1)+(((1)-(5))*(3)))+(5))-(4))*(2))),-15.25
(((2)*((((((1)+(5))-((3)*(4)))*(3))+(1))/(((5)-(4))*(2))))-(5)),-22
((((5)/(((3)-(1))*(4)))*((5)*((1)*(4))))/((((2)*(1))-(1))+(2))),4.16666666667
(((((4)-((3)/((3)-((4)-(5)))))-(((2)*((3)+(5)))/(2)))/(1))*(1)),-4.75
(((((4)*(3))*(((5)-(3))/((4)/((3)*(1)))))*(2))+(((4)-(2))+(5))),43
((2)-((2)/((((2)/(((5)/(2))/((5)/(4))))*((5)-((1)+(3))))*(4)))),1.5
((((((1)/(((4)/(3))*((3)-((3)-((5)-(3))))))*(5))*(1))*(5))*(2)),18.75
(((1)/(4))/(((2)-(((1)+(((3)+((4)-(2)))+((4)*(2))))*(2)))/(5))),-0.0480769230769
(((((4)*((5)+((2)/((3)-(4)))))*(4))+(5))*((1)-((4)-((2)*(1))))),-53
((4)*(((((((5)/(2))*(1))-(3))-(1))*(4))/((((3)*(3))*(4))*(4)))),-0.166666666667
((4)+((((((((5)*(5))*(4))+(1))-((2)*((3)+(1))))-(4))-(5))/(2))),46
((1)-((5)-(((1)-((((5)/(((3)/(3))-(4)))+(3))+((5)+(1))))+(3)))),-7.33333333333
((1)*(((2)+(2))+((4)/((((2)+(4))*((1)/((1)+((2)/(5)))))/(2))))),5.86666666667
((((3)/(1))-(3))*(((3)*(((4)-((5)/(4)))+((1)/(4))))*((1)*(1)))),0
(((((((((2)+((5)+(2)))*(1))*(5))-(5))-(2))-(5))-((2)+(2)))*(4)),116
(((3)*(((((5)+(2))+(1))-((3)*(((1)+(2))+(3))))-((2)*(4))))*(1)),-54
((((((4)*(1))+(((2)+(2))/(3)))-(((2)-(4))*(4)))-((3)+(3)))+(4)),11.3333333333
((1)*((4)*(((((1)*((2)*(1)))/((((3)+(5))-(2))+(1)))*(2))*(1)))),2.28571428571
((((4)-(((5)-(2))-((5)*(((4)-((3)/(2)))/((1)-(2))))))/(5))+(2)),-0.3
((2)+(((2)/(2))+((3)+((((3)/(5))*(1))/((5)-((3)-((4)*(1)))))))),6.1
((1)+((4)*((((3)*(2))-((3)/((2)*(((4)+(5))-((5)*(2))))))+(5)))),51
((3)-(((((2)*(2))*(((3)/((2)+(2)))*(2)))/((4)/(3)))/((2)+(4)))),2.25
(((2)-((((((2)/(2))/((((4)/(2))-(4))-(4)))+(1))+(4))/(2)))*(5)),-2.08333333333
((((3)-(1))/(((3)+(5))*(((1)-(4))+((5)+(5)))))*((4)/((4)+(5)))),0.015873015873
(((5)/(((((4)*(((1)/((5)+(3)))*((2)-(5))))+(1))+(2))*(1)))-(4)),-0.666666666667
((3)*((5)*((((4)/(5))-((5)/(3)))-(((3)/(5))/((1)-((2)-(5))))))),-15.25
(((1)+((5)*((1)+(2))))-(((3)*((3)+(5)))+((5)*((5)-((4)-(1)))))),-18
(((2)*(((1)/((1)-(4)))+(((5)*(4))-(3))))*(((1)-((4)*(4)))/(1))),-500
((4)+((((((1)/(4))*((3)+(2)))/(3))/((1)-((5)-(2))))-((2)-(3)))),4.79166666667
((5)/((((5)/((2)-(((2)*(5))+(3))))*(((2)+(5))+(5)))/((2)*(5)))),-9.16666666667
((((((2)+(5))+((4)-(2)))+((4)-(((3)*((3)+(1)))+(4))))*(5))*(3)),-45
(((1)-((1)+(((((4)*(3))+(((4)/(5))/(5)))+(4))+(5))))/((4)/(2))),-10.58
(((((4)*(4))+((((4)+(2))*(2))+(2)))-(((5)*((3)/(3)))-(3)))/(4)),7
(((4)*((2)-((3)/(5))))+((1)+((2)+(((4)*((3)-((2)*(3))))*(4))))),-39.4
((((3)+((5)*(((4)+((4)-(1)))+((3)/(1)))))-((5)*(5)))-((4)-(2))),26
(((((3)-((2)*(4)))*((5)+((2)/(4))))/(3))*((4)-((2)-((2)*(2))))),-55
((2)-((4)/(((3)/(((((3)+(1))/((4)+(2)))/(5))-(1)))+((2)+(1))))),10.6666666667
(((4)*((((((4)-((5)/(3)))*(3))-(3))-((3)/(5)))/((4)/(1))))/(1)),3.4
((5)/(((((3)+((1)-(2)))*((3)+(1)))*(2))/((4)-((4)/((2)+(5)))))),1.07142857143
(((5)-(((1)+((2)/(2)))-(4)))*((((3)-(4))*((1)/(2)))-((3)*(3)))),-66.5
((((2)/(4))+((5)+((1)/(2))))+((((2)*((3)-(5)))/((1)*(3)))*(3))),2
(((((1)-((3)*((5)+((5)/(2)))))/((2)+(3)))-(4))+((3)-((2)+(1)))),-8.3
(((3)*(4))-((((5)+(3))*(3))+(((4)-((2)-(2)))+(((5)-(2))*(2))))),-22
(((((5)-(4))/((4)+(3)))+((3)*((4)+((((4)-(1))+(2))+(4)))))*(1)),39.1428571429
((((1)/((4)-(2)))+((5)+((2)-((4)-(((2)/(3))/((4)+(5)))))))*(3)),10.7222222222
((3)*((4)/((5)/(((4)+(1))*(((2)-((3)/((4)*(2))))+((4)/(1))))))),67.5
(((3)+(4))+((((3)-((((4)-(1))-((2)-(2)))*(3)))+((3)-(5)))+(4))),3
((2)-((1)-(((4)+((((1)-((5)/(5)))*((4)+((5)*(5))))+(1)))-(4)))),2
(((4)*((((4)/(((4)+(1))-(((1)/(4))*(3))))-(4))*(5)))+((2)-(3))),-62.1764705882
(((((2)*(4))/(3))-(4))-(((2)/((3)/(1)))-(((5)-((1)-(5)))*(4)))),34
((4)+((3)/(((5)*((((5)*(2))*((2)/(4)))-((3)+(4))))-((1)+(3))))),3.78571428571
((5)/(((2)-((2)-(3)))+((((2)+((5)/((2)*((1)/(5)))))*(5))-(4)))),0.0699300699301
((1)-(((((1)+(2))-(4))+(((2)-(3))*(((4)+(2))-((5)+(2)))))-(5))),6
((5)*((3)+(((4)*((((4)-(2))-((2)-(((2)+(5))*(1))))+(5)))/(2)))),135
((2)+(((((3)/(3))/(2))*(2))-(((2)-(((4)-(4))/(2)))*((4)*(1))))),-5
((((1)-(5))/((1)*((2)/((((2)+(2))+(2))/((1)*(4))))))*((1)*(1))),-3
(((5)+((((5)*(4))-((3)/((5)/((1)/(5)))))-((5)-((3)+(4)))))+(1)),27.88
((2)*(((3)/((3)*(((((1)*(5))+(4))*(1))/(2))))*(((5)*(1))/(5)))),0.444444444444
(((2)*((4)+(4)))/((((((2)-(2))*(1))-((5)*(3)))-((1)-(5)))*(5))),-0.290909090909
((((4)+(3))*(3))*(((3)+((4)-(((4)+(((3)-(4))/(4)))*(1))))-(2))),26.25
(((1)/(((1)/(((4)*(5))*(1)))-((5)-((5)*(1)))))+((3)*((5)*(1)))),35
(((2)+((3)-(((5)-(3))*((3)/((3)+(((2)-(1))*((5)+(2))))))))/(5)),0.88
((((3)+((2)*(2)))-((2)+(((2)/(1))/((5)*((3)/((2)+(3)))))))*(1)),4.33333333333
((2)-(((1)+((2)*(2)))*((((((1)+(5))*(4))-((2)-(2)))/(4))+(2)))),-38
(((((1)+(5))/(3))*(((5)*((3)*(4)))/(3)))*((5)-((3)-((1)*(4))))),240
((3)-((((4)+((5)/(((4)-(5))-(2))))*((4)-(2)))/((1)/((1)*(2))))),-6.33333333333
((1)/(((((1)+(3))*(5))-(3))/((4)/(((1)-(((5)/(3))-(2)))-(3))))),-0.141176470588
(((((3)*(3))+((2)+((1)*(5))))-(3))+((2)*(((2)+((1)+(2)))/(1)))),23
(((((2)-(4))+(2))/(((3)-(2))/(2)))-((2)*((1)+(((2)*(3))-(5))))),-4
((((3)*(5))-(((((2)+(2))+(((2)/(3))/(4)))*((1)*(1)))/(4)))+(5)),18.9583333333
(((1)/((5)+(1)))*(((4)*(((((2)*(3))*(4))-(5))+((3)/(5))))*(3))),39.2
((1)+(((3)+(1))*((((((1)/(3))+((4)+(3)))-((5)-(2)))/(4))+(4)))),21.3333333333
((3)+(((((1)+(((2)/((2)+((3)*(2))))-(1)))-((4)+(2)))/(1))-(3))),-5.75
(((3)+(((((3)*(2))+(3))*(((3)*((5)/((4)/(4))))-(5)))/(3)))/(3)),11
((3)+(((3)-(1))+((((1)+(1))*(4))-((((4)*(2))+((3)/(2)))*(5))))),-34.5
((5)*(((((4)-(((2)/((1)*(3)))+((2)*(3))))/(4))-((4)*(3)))*(2))),-126.666666667
(((1)-(((((((2)-(1))-(4))-(3))/(4))+(4))+((2)+((5)-(4)))))*(5)),-22.5
((2)-((((4)+((2)+(3)))+((((4)+(3))-((1)/(2)))+((4)/(2))))*(5))),-85.5
((1)+(((4)+(((((3)-(3))-(3))-((5)-(5)))/(2)))+((5)*((1)+(3))))),23.5
(((((2)+(5))+(1))/((((((1)*(3))/(3))-(5))-((3)-(3)))-(5)))-(5)),-5.88888888889
(((5)-(3))+((((5)*(2))/(((1)*(5))-(3)))+((1)*((2)*((5)/(4)))))),9.5
(((((((((3)*(4))/(((4)-(1))*(2)))+(4))+(3))+(3))*(5))/(3))/(1)),20
(((((((1)-(2))-((3)-(2)))/(5))/((1)/(1)))*((2)/((3)/(3))))+(5)),4.2
((((4)-((((4)+(3))-((((1)+(1))/(1))*(1)))+((1)-(3))))/(5))/(4)),0.05
(((4)-(((((1)*(4))*(3))*((4)*((5)*(3))))+(3)))-(((1)-(5))/(1))),-715
((((3)-(2))*(3))/((1)+(((5)-(((2)+((2)/(4)))+(2)))+((4)*(4))))),0.171428571429
(((((2)-(((1)-((2)*((4)+(4))))*(3)))*(((2)/(5))+(4)))/(2))-(5)),98.4
((((((1)+(2))*((2)-((4)+(4))))*(((5)/((5)*(3)))/(2)))-(4))*(2)),-14
(((((2)+(1))-(4))-(3))/(((1)+(3))/((3)+(((5)+(5))-((4)*(3)))))),-1
((((5)*(2))*(((((((3)+(4))+(5))+(3))+((5)*(2)))/(2))-(1)))-(3)),112
(((((((1)/((3)/(3)))*(5))*(1))*((3)*(5)))-(5))-(((2)*(3))-(4))),68
((4)/((2)*((1)/((3)-(((3)/(4))/(((3)*((4)+((5)-(4))))*(1))))))),5.9
((((((1)*((5)-((3)*(1))))-(5))-(((2)+((4)*(1)))+(5)))+(4))+(5)),-5
(((3)-(4))*(((((1)/(1))/(5))*(((3)/((4)/(1)))-((5)+(2))))+(4))),-2.75
((((1)+(((3)-((4)-(((5)+(2))/(((5)/(3))-(2)))))+(4)))/(3))/(2)),-2.83333333333
((((5)/((4)+((4)*((1)+((((5)/(3))-(2))*((5)+(3)))))))/(1))-(4)),-5.875
((3)-(((4)-(((1)+((5)-((5)/(3))))*(4)))+((((4)+(5))*(4))-(4)))),-15.6666666667
(((2)*(4))*((((5)/(1))*((4)/(4)))+((3)*((1)/(((1)+(3))*(2)))))),43
(((((1)*(((3)-(((3)/(3))/(1)))*(((3)+(1))/(3))))/(1))/(5))+(4)),4.53333333333
((3)*((((((2)*(3))/((2)-(5)))-(3))-((4)+(1)))-((3)*((2)*(4))))),-102
(((2)*(((3)-(5))/(((3)+(4))/((2)+(4)))))/((((2)*(2))-(5))*(1))),3.42857142857
((3)/((((5)*((4)+((5)/(4))))/((3)+(1)))*(((1)+(2))+((5)/(2))))),0.0831168831169
(((3)/(((1)+((((((4)-(1))-(1))-(3))-((1)/(4)))/(4)))*(2)))*(2)),4.36363636364
(((((5)+((2)*((3)*(1))))*(((3)*(3))*(5)))+((2)/((2)+(2))))+(1)),496.5
(((((5)-((4)*((4)/(2))))-((1)/(5)))+(((3)/(3))-(5)))+((2)*(1))),-5.2
((1)*((((2)/(((1)/(1))+((1)*(3))))-(4))+(((5)-(2))/((5)*(3))))),-3.3
((((1)-(5))/(1))+((5)/((((5)+(((1)+(4))+(1)))/((1)*(1)))-(3)))),-3.375
(((1)-((((3)/(3))*(((2)*((4)+((4)*(4))))-(2)))-((2)-(3))))-(3)),-41
(((5)*((2)*((3)*(2))))+((2)-((5)/((1)*(((3)-((2)/(2)))/(1)))))),59.5
((((2)/(((3)*(1))/((5)+(1))))/(4))/((3)+((1)*(((2)+(2))+(3))))),0.1
(((4)+((1)+((3)/(((4)/(1))/(2)))))+((1)-((1)*((2)/((5)-(2)))))),6.83333333333
(((1)+(4))/((((4)*(((2)*(5))/((3)+((1)/(3)))))/(2))-((3)*(1)))),1.66666666667
(((5)*(2))/((2)-((3)-((((5)/(5))*(((2)/(5))-(5)))+((4)-(3)))))),-2.17391304348
((1)*(((((4)*(((((4)-(2))+(3))/(4))/((5)+(5))))*(5))+(1))*(4))),14
((((4)-(5))-(((4)+(1))-(4)))+((3)-(((4)+((5)/((5)*(3))))-(4)))),0.666666666667
((((3)*(4))*(2))*((((5)-((1)*(5)))+((3)+((5)/((1)*(1)))))*(3))),576
(((2)+(((4)*(3))*(1)))+(((2)*((5)*(((3)+(5))+(3))))-((5)+(1)))),118
(((4)*((2)*(3)))+(((5)-((((4)-((2)+(2)))+(3))-(3)))/((1)*(1)))),29
((2)+(((5)*((4)-((((1)+(3))*(2))+(((4)/(4))-((5)-(5))))))*(4))),-98
((((((3)-(2))/((1)*(((1)/(1))/(5))))/(((2)/(3))+(5)))/(5))/(1)),0.176470588235
((((4)-(2))+(1))*((4)+(((2)-((1)-((2)+(2))))-(((2)/(2))/(4))))),26.25
((((2)/((3)/((1)*(3))))+((4)-(5)))*(((5)+(((2)+(1))+(2)))-(1))),9
(((5)*(3))*((((2)+(2))*((1)*(((3)+(3))-(((5)-(3))*(1)))))*(4))),960
((((1)-((5)-(((2)*(2))*((4)+((((4)+(2))/(2))/(3))))))-(1))/(2)),7.5
(((4)-(((3)/(3))*((((1)-(5))+(2))*((1)*(2)))))-(((3)+(4))+(2))),-1
(((2)/(5))+((4)*(((3)*((3)-(((1)-((4)/(2)))/((5)+(5)))))/(4)))),9.7
(((((((1)*((4)/(((2)*(2))*((2)/(3)))))+(3))-(4))-(2))+(3))+(5)),6.5
((((3)+((((2)-(4))+((4)*((4)/(5))))*(4)))*((5)*((4)*(1))))-(2)),154
((((4)*(2))*(((2)+((4)*(5)))/((((1)*(4))+(1))/(1))))-((2)*(5))),25.2
((((((2)/((4)-((4)+(1))))/((3)*(4)))-((2)*(4)))*(2))+((3)*(1))),-13.3333333333
(((((4)+((((1)-(1))-(5))*(((1)+(5))*(2))))-(2))+(3))+((2)*(1))),-53
(((1)+(4))+(((4)/((3)+((4)*(5))))*(((1)-((4)*(5)))/((3)-(2))))),1.69565217391
(((5)*(((5)/((4)/(5)))/(((3)*((((5)+(2))-(2))*(1)))*(5))))*(5)),2.08333333333
((1)*(((1)+(((3)*(1))*((((2)+((3)+(4)))/(3))/((1)+(1)))))/(4))),1.375
(((5)+(((((2)+(4))/(((1)+(3))*(3)))*(1))+(2)))*((1)*((5)+(3)))),60
((4)*(((((1)+(1))/((4)/(((5)-(3))/(3))))*((5)-((5)-(2))))*(3))),8
(((1)/(1))*((4)-(((3)*(((1)-((4)+(1)))*((5)+(4))))*((4)*(5))))),2164
(((2)/((3)-((2)/((3)*((2)-(((((2)+(4))/(3))/(3))*(5)))))))-(5)),-4.42857142857
((4)*((((2)/(((2)-(1))*(3)))-(((4)*(4))-(5)))-(((5)*(3))+(3)))),-113.333333333
(((((5)-(1))+(3))+(5))-(((3)-((3)-(1)))/(((2)/((1)*(5)))-(3)))),12.3846153846
(((1)*((4)/(((1)+(((2)+(1))*(4)))*((((2)+(1))/(4))-(4)))))-(2)),-2.09467455621
(((((3)*(4))/(((3)*(2))-((((2)*((5)-(1)))-(4))*(3))))+(2))*(3)),0
((4)*(((3)/(4))/(((((3)+(3))+(((5)-(2))*(1)))+((2)/(4)))+(1)))),0.285714285714
(((((5)*((5)*(4)))*(((4)+(5))*(((4)*(5))+((2)*(3)))))-(3))*(2)),46794
(((((4)*(((3)+(3))+(4)))-(1))/(3))+(((4)+((2)+((4)/(5))))+(5))),24.8
((((5)*(3))/(((4)+((((1)*(2))*(3))-(4)))/((2)-(3))))*((2)-(2))),-0
(((4)*(1))/(((2)*(((3)+(2))/(1)))/((5)-(((4)*((5)-(3)))/(1))))),-1.2
(((1)*((5)*((4)-((1)*((4)*(5))))))+((4)-((((5)/(4))*(5))/(3)))),-78.0833333333
(((3)*((1)*(4)))+((2)+((((3)/((3)*(2)))*((5)*((1)/(4))))*(3)))),15.875
(((((5)+((5)-((((1)/(3))+(4))-(2))))+((3)+((2)*(1))))*(5))+(4)),67.3333333333
((1)-((((((3)+(5))*(4))*((((1)*(4))+(1))/((2)-(5))))/(5))+(5))),6.66666666667
((5)*(((3)+(5))-(((((((3)-(2))+((4)-(2)))+(5))+(1))+(5))+(2)))),-40
((((1)/(3))*(1))+((((3)-(2))-((((3)-(2))/((2)/(2)))*(2)))+(4))),3.33333333333
((((2)/((2)-(4)))/(3))-((5)/((((4)+(5))/(((4)-(2))-(4)))*(4)))),-0.0555555555556
((1)-((1)-((((1)*((1)*(5)))-(((5)*(1))-(((3)-(2))-(2))))*(2)))),-2
((4)-((5)/((3)/((1)/((((5)*(1))*((5)*(1)))*((1)+((4)-(2)))))))),3.97777777778
((((3)*((5)/((2)*(((3)/(3))/(5)))))/((((4)-(4))*(4))-(1)))+(5)),-32.5
(((((2)+((1)/((2)*(((((2)*(4))/(1))+(2))/(2)))))*(4))-(4))/(5)),0.88
((2)*((1)/(((3)/((((3)*((4)-(3)))-((4)*(2)))*(1)))*((3)-(1))))),-1.66666666667
(((5)-((((4)*(1))-((2)+(((3)*((5)/(3)))/(2))))/(3)))*((3)-(5))),-10.3333333333
((((((5)/(5))-((4)-((5)+(2))))+(1))+(((1)-((2)-(1)))-(5)))/(5)),0
((3)/((5)*(((((((1)+(2))+((1)+((2)+(1))))-(1))-(2))/(3))*(5)))),0.09
((((4)*((((3)/(((4)*((2)-(4)))*((5)/(1))))/(2))/(2)))/(3))*(1)),-0.025
(((3)-(4))-(((5)+((3)-((4)*(((2)/((3)-((1)/(3))))-(4)))))*(5))),-106
((1)+((1)-((((((2)+((4)+(((1)/(2))-(5))))/(4))/(5))+(5))+(1)))),-4.075
(((5)*(1))+(((3)-(1))*(((((1)*(1))-(((3)*(1))+(1)))*(4))*(2)))),-43
((3)*(((((2)*(4))+((4)*((4)+(4))))-((((4)-(1))*(3))*(1)))-(5))),78
(((2)-((((3)-((2)+((4)-(1))))*(((2)/(3))-((3)-(3))))*(2)))/(1)),4.66666666667
((((4)/(3))*(1))-(((1)-((((((4)+(1))*(2))*(4))*(3))+(4)))-(5))),129.333333333
((3)+((1)-((((5)*(((5)+(2))/(5)))+((2)*(3)))-(((1)*(2))-(1))))),-8
(((1)+(2))*((((4)/((((1)*(4))-(4))+((2)+((5)-(2)))))-(3))/(1))),-6.6
(((((5)+((4)/(2)))*(5))/((((4)-(2))*(1))+((4)+((4)*(2)))))-(1)),1.5
(((((4)*((((5)*(3))+(1))+((2)/(5))))/(1))*(3))/((4)/((4)/(1)))),196.8
((((3)+(1))*((3)+((5)-(2))))*((5)/(((4)+((1)/(4)))+((3)*(1))))),16.5517241379
((((5)*(((5)/(5))/(1)))-(1))*(((2)-((((2)+(1))+(1))*(2)))-(4))),-40
(((3)*(5))*((5)*((((5)*(((3)*(4))-(3)))/((2)-((1)+(5))))/(4)))),-210.9375
((2)+((((4)*(5))/((((3)*(1))/((((2)-(2))/(5))-(2)))*(1)))+(3))),-8.33333333333
((3)+((1)+((((1)-(5))/(1))-((((1)-(((5)*(3))-(5)))*(5))*(1))))),45
(((((1)*(3))/((1)-((4)-((5)*(4)))))/((1)-(2)))+(((1)*(5))*(4))),19.8235294118
((4)-((((((4)/(((1)/(3))*(5)))+(4))+(3))+(((3)+(4))/(4)))+(2))),-9.15
((((1)*(((4)-(3))-((4)/(1))))-(3))*((4)/(((3)/(2))*((1)/(2))))),-32
(((2)+(((2)-(((2)*(2))-(5)))*((4)-(((1)-(2))-(4)))))/((5)/(3))),17.4
(((1)*((((4)*((1)/((2)/((1)/(3)))))+(((2)*(5))-(1)))/(4)))+(3)),5.41666666667
((((((5)+(3))*(4))+(5))/(1))-(((2)/(1))+((3)/((4)*((3)*(1)))))),34.75
(((5)*((2)*((5)+(1))))+((2)/((1)-((3)+((((3)+(4))-(2))*(5)))))),59.9259259259
((((((2)*(4))-(5))*(3))*(5))-(((3)/((((5)/(4))*(5))*(1)))-(2))),46.52
(((((((5)*((1)/(4)))/(5))-((3)*(3)))/(2))+(((3)+(2))*(4)))*(1)),15.625
((5)+((((((2)*(1))+((((1)+(3))+(1))-(3)))/(2))/(1))-((2)+(4)))),1
((((((3)+((2)/(2)))+((1)*(5)))-(4))-((((2)+(5))*(2))/(1)))/(4)),-2.25
((((((5)*(((((3)/(3))*(2))-(2))/(4)))/((3)/(2)))+(1))*(3))/(1)),3
(((5)*((1)-((5)*((1)*(4)))))/((4)-(((5)+((4)-(3)))+((4)+(4))))),9.5
((((3)/(((5)*(2))/(1)))*((3)-((5)+((((4)*(5))*(5))*(4)))))-(4)),-124.6
(((1)-(4))+(((2)+((1)-((2)/((5)-(((3)-(4))-(1))))))+((2)*(1)))),1.71428571429
((3)-((((4)-((2)/((3)*(3))))*((((4)*(4))-((1)*(2)))/(2)))/(3))),-5.81481481481
(((((((4)-(1))-(((1)+((4)*(2)))-(5)))+(3))-((5)-(1)))*(4))+(4)),-4
(((2)*(((((((1)/((4)/((1)/(3))))-(4))*(3))/(1))-(4))+(2)))+(2)),-25.5
(((4)*((((3)+(5))-(1))*((((3)*((4)*(2)))-(1))+((3)*(1)))))-(5)),723
(((((((5)*(2))-(3))-(((5)/(2))*(3)))-(5))-(5))/(((5)*(1))*(4))),-0.525
