((((2)-((1)*(2)))-((1)-((4)+(4))))*(((5)+(2))-(2))),35
(((2)/((2)+((1)*((5)-(((1)-(5))-(4))))))-((5)+(2))),-6.86666666667
((((((1)/(5))+((2)-((4)+((3)-(2)))))/(1))-(4))*(1)),-6.8
((3)+(((3)-((3)+((3)+(1))))-(((2)/(5))+((1)-(3))))),0.6
((((1)/((((1)/(2))/(3))+((3)+(1))))*((4)*(5)))*(1)),4.8
((2)+((3)*((((2)/((3)+(4)))*(1))*((3)+((3)*(5)))))),17.4285714286
((1)-((5)/(((4)*((((2)-(4))*(2))*(4)))*((4)*(5))))),1.00390625
((((5)/((4)-(((4)*(4))-((1)*(3)))))/(5))+((5)-(4))),0.888888888889
(((((4)+(4))+(3))/(3))-((((3)-(5))*(4))+((4)+(2)))),5.66666666667
((((4)*(3))+((3)/((5)+(((1)*(4))*((5)-(5))))))*(1)),12.6
(((5)+(2))/((1)*((4)*((((3)+(4))+((4)*(5)))+(5))))),0.0546875
(((2)/(3))*(((3)*((1)+(2)))+((((5)*(2))+(5))*(3)))),36
((1)-(((((((2)+(2))*(2))+(1))/(1))+((1)/(1)))+(2))),-11
((((((((1)*(3))/(1))-(1))+(5))+(2))*((4)-(2)))/(3)),6
((((3)+((3)/(1)))*(3))/((4)+((((2)-(4))*(3))-(4)))),-3
(((4)-(1))/((((3)-(4))-((5)*((1)*((3)+(3)))))-(1))),-0.09375
(((((((5)/(1))+((2)*(4)))-((4)+(2)))/(5))+(1))-(4)),-1.6
(((((2)/((5)+(3)))*(((3)-(5))/(5)))+(4))+((4)-(2))),5.9
((4)-(((((2)+(((2)-(5))-(1)))-(2))*((1)/(1)))/(4))),5
(((3)*((((5)-(1))/(4))+(4)))*((((5)*(5))/(2))*(3))),562.5
((1)/((3)*(((3)+((1)*(((4)+((3)-(2)))/(1))))/(5)))),0.208333333333
((2)+((((((5)*(1))-(2))*((4)+((1)+(1))))*(4))*(5))),362
(((3)+(3))-((((5)-((1)/(3)))-(4))+(((2)*(2))-(3)))),4.33333333333
(((5)/(((3)+(2))/((4)*(((4)+(4))/(2)))))-((4)/(1))),12
(((1)*((((4)/(5))/((3)/(3)))-(((1)/(2))*(4))))-(1)),-2.2
(((1)-((2)-(((3)*((5)/(3)))+(5))))+((2)-((1)*(3)))),8
(((2)*((3)+((((5)+((3)/(2)))+((4)+(4)))*(4))))*(5)),610
((3)-((4)+((2)*(((((5)*(1))/(1))/((5)+(1)))*(3))))),-6
((2)/((2)-(((((2)-((1)/(2)))+(1))-(3))-((1)*(4))))),0.307692307692
((1)+((5)+(((((1)*((5)+(1)))+((3)/(4)))+(3))/(2)))),10.875
((2)+((((((3)-(2))*(4))*(1))*((1)-(4)))*((5)*(2)))),-118
((5)-(((((3)*(4))*(((2)*(5))*((5)/(1))))+(1))*(3))),-1798
(((((4)*((2)+(3)))+((1)*(((4)*(1))/(1))))/(2))*(4)),48
((((4)+(3))+(4))+((1)+(((5)/((3)+(5)))-((2)-(4))))),14.625
((1)+(((2)/(5))+((5)-((5)*((3)/((3)/((4)+(2)))))))),-23.6
(((3)+((5)+(3)))*(((1)/(4))+((4)-((1)-((4)+(3)))))),112.75
((((2)/((3)-((1)-((2)+((1)/(4))))))-(2))-((2)-(3))),-0.529411764706
((3)*(((3)*(1))*((1)/(((5)*(2))*(((4)/(2))+(4)))))),0.15
(((2)/((((5)-((4)-(1)))-(3))*(((4)/(1))/(5))))+(1)),-1.5
(((1)+((4)/(((3)*((((1)-(4))*(2))+(2)))+(3))))+(1)),1.55555555556
((((((2)+(2))+((5)-((1)-(2))))/(1))*(3))*((5)+(4))),270
((((3)/((5)*(2)))/((((5)-(1))*((3)-(4)))+(3)))*(3)),-0.9
((5)+((4)+((((2)-(((5)-(2))/(1)))-((2)*(4)))/(5)))),7.2
((((2)*((2)*(2)))-(((4)-(((5)-(1))/(1)))+(3)))-(1)),4
((((1)*(5))*((((1)/(5))*((5)-((3)/(3))))/(5)))+(1)),1.8
((((1)/(3))/(((4)/((((1)+(4))-(4))/(4)))+(4)))-(1)),-0.983333333333
(((((1)*(3))+(((5)-(2))/(((2)/(4))-(2))))/(4))+(5)),5.25
((((3)*(5))/((3)-(((((5)-(4))+(2))/(4))+(4))))+(5)),-3.57142857143
((((1)*((4)/((3)+(1))))*((2)+(((5)/(3))+(3))))*(3)),20
((((3)/((4)+(5)))+(2))+((4)-(((2)+((4)/(2)))/(1)))),2.33333333333
((((((2)-(5))+((5)+((2)*(3))))+((2)/(5)))+(3))/(3)),3.8
(((4)+(1))+((5)*((5)/(((((3)/(5))*(4))/(4))-(4))))),-2.35294117647
(((3)/((1)/((((1)/((3)/((5)-(2))))/(1))+(3))))+(1)),13
((((5)+(((3)/(((3)*(2))/(5)))-((2)+(2))))/(4))/(4)),0.21875
(((1)-(2))/(((((((3)+(4))-(5))+(1))*(2))+(1))/(4))),-0.571428571429
((((3)/((1)/(3)))-((((2)*((1)+(3)))+(4))*(1)))*(3)),-9
((1)/(((4)-((4)+(3)))+((((2)/((2)*(4)))+(1))*(4)))),0.5
((((((2)/(2))*(((1)+(5))+((5)+(4))))*(3))-(2))+(4)),47
(((3)+((((3)*((4)+(((4)*(5))-(4))))+(2))/(5)))*(5)),77
(((1)+(2))-((((4)*(2))*((4)+((2)/(4))))/((3)+(4)))),-2.14285714286
((((2)-(2))*(2))-((((2)-(4))-(((2)-(5))+(5)))+(5))),-1
((4)-((((2)+(5))-(1))+((((3)-(4))-(1))+((5)-(2))))),-3
((((5)/(3))-((1)/((1)/(5))))*(((3)+((3)*(3)))+(1))),-43.3333333333
((5)+((((((1)*(4))/(4))-((1)*((5)+(1))))+(1))*(2))),-3
(((5)*(5))/((3)*(((5)*((3)/(4)))/((3)-((5)/(1)))))),-4.44444444444
(((1)+((2)+(((4)+((5)/(5)))-((2)/(2)))))-((3)+(3))),1
(((((4)+((5)+(4)))-(3))/((5)/((3)+(4))))+((4)+(2))),20
(((((5)*(4))+(2))*((3)-((5)-((5)+(3)))))-((3)-(2))),131
((((1)+((1)/((5)/(5))))*(5))*((((2)-(2))*(1))+(1))),10
((5)*((((3)*((4)*(((2)+(3))-(2))))+((3)/(3)))/(3))),61.6666666667
(((2)+((5)*(1)))-((((2)/(4))+((5)+(1)))+((1)/(1)))),-0.5
(((4)*(5))+(((3)-((4)*(((4)-(5))/((4)/(3)))))/(2))),23
((2)-(((5)-(((4)+(((1)*(3))+((2)-(1))))*(5)))*(2))),72
((((((4)-((2)+((5)-((2)/(5)))))*(3))-(2))-(3))-(4)),-16.8
((((5)*(5))-(3))-((3)*(((2)*((4)-((4)-(3))))-(5)))),19
((((3)+(3))+(2))/((((5)-(2))/(5))+(((5)/(2))+(5)))),0.987654320988
(((3)*((5)-(((2)*(((3)/(1))+((5)+(3))))/(3))))+(3)),-4
((((((4)+(3))/(4))/((((3)-(3))-(1))*(5)))-(4))-(2)),-6.35
((((3)-((1)/(((5)-(2))-((5)/(5)))))*((2)+(4)))*(5)),75
(((2)+(2))*(((((4)-(2))-(((4)/(2))-(2)))+(1))-(5))),-8
(((3)+(3))*((((((2)+((1)-(3)))/(5))+(4))-(4))+(5))),30
((((4)-(5))-((2)*((3)+(3))))+(((5)*((4)*(5)))/(5))),7
(((4)-((1)-(((5)/((1)*((5)/(5))))/(3))))+((2)-(1))),5.66666666667
((4)-((((5)+(((2)+(1))-((3)*(3))))/((5)+(3)))+(3))),1.125
((((((5)-(5))+(((2)*(5))*((5)*(4))))*(5))-(3))+(4)),1001
(((4)*(1))*(((1)*(3))-((((5)+(2))+((1)/(1)))/(5)))),5.6
(((4)*((((3)-(5))+(3))+((1)+(2))))/(((3)*(1))+(5))),2
((5)+((1)/(((1)/((1)/((2)-(((5)-(4))*(3)))))*(4)))),4.75
(((1)+(((1)*(2))-(4)))+(((5)/(((1)-(3))+(5)))/(3))),-0.444444444444
((1)*(((5)+((1)+(4)))-((((5)+(3))/((3)+(5)))*(2)))),8
((3)+(((((3)+(5))-((((5)-(4))+(2))/(5)))-(2))+(4))),12.4
((((((3)/(4))+(1))*((4)*((5)/(2))))-(5))+((5)*(5))),37.5
((5)-((2)-((((1)+(5))/((((1)*(4))-(5))*(4)))/(1)))),1.5
(((((5)*(3))*(1))-(((2)-(3))/((3)/(1))))/((5)*(1))),3.06666666667
((3)+((5)+((((1)-(1))+(4))*((((2)-(3))/(1))-(4))))),-12
((5)+((((1)+(3))+((4)+((2)-(1))))/((2)+((1)*(4))))),6.5
((((3)+(4))-((4)/(((((2)/(1))-(5))*(1))*(2))))/(2)),3.83333333333
((((4)-(2))+(5))-((1)/((4)+((5)-(((5)-(2))-(4)))))),6.9
((5)-((1)+(((5)-(3))-(((4)+(4))/((5)*((3)+(2))))))),2.32
(((1)+(4))+((2)-(((3)/((3)-(4)))*(((4)*(2))*(5))))),127
((3)+(((1)-(1))/((3)-(((2)+(5))/(((5)/(2))-(3)))))),3
((1)/(((((5)-((3)*(4)))-(3))*((4)-((4)+(1))))-(2))),0.125
((4)+((((1)/(((4)-(5))-(2)))+((5)-((3)+(4))))*(2))),-0.666666666667
((2)*((((5)/((2)+((2)/(1))))-(4))-(((3)+(5))*(4)))),-69.5
((((2)/((2)/((((2)+(5))-((5)/(4)))-(3))))-(1))*(4)),7
(((4)+((2)-(((4)/(1))/(4))))+((((5)/(2))-(2))*(4))),7
(((4)-(((4)+((5)/((3)*((1)-((3)*(2))))))-(1)))/(1)),1.33333333333
((1)+((5)+(((5)-(4))-((((5)/(5))/(5))*((5)/(5)))))),6.8
((((4)-(1))/(((((2)/((3)/(1)))+(5))-(2))*(5)))-(5)),-4.83636363636
((((2)*(4))*((((4)/(2))+(4))/(((2)-(3))-(2))))/(4)),-4
((3)/((3)-((((3)+((5)/((3)*(2))))*(4))*((4)+(2))))),-0.0337078651685
((5)+(((1)-((1)/((3)*((1)+((1)*((5)-(2)))))))-(2))),3.91666666667
(((1)-(2))-(((1)*((4)/(((4)*(2))+((4)+(4)))))+(4))),-5.25
(((4)-((2)/(4)))-(((4)*((5)*(((5)-(3))+(4))))*(1))),-116.5
(((3)*((3)*((2)/(((5)-(3))-(1)))))-((5)+((2)+(4)))),7
((((4)-(5))*(((2)/((1)-(4)))/(((4)-(3))*(2))))-(4)),-3.66666666667
((1)-(((5)-(((1)/(2))-((5)*(1))))/(((4)-(3))/(4)))),-37
(((1)/(1))-(((3)+(((2)*(3))*(4)))+(((4)/(2))+(1)))),-29
((((3)+(((4)+((2)-((4)-((2)/(2)))))*(1)))*(4))-(4)),20
((1)/((3)-((2)+((3)*(((5)+(4))/((4)/((5)-(4)))))))),-0.173913043478
((((3)/((1)*((4)*(((4)+(3))+(1)))))/(2))*((3)-(3))),0
(((1)-((2)-(((1)+(1))+((4)-(5)))))-((1)*((5)+(5)))),-10
(((3)-(3))*((((5)-(((3)+((3)+(1)))*(2)))-(4))*(5))),0
(((4)-(4))*(((1)+(((3)-(2))+((3)-(4))))-((1)+(3)))),0
(((((3)-(1))-((4)*(4)))*(4))+((((3)-(4))+(2))*(5))),-51
((((2)-((2)-((5)/(3))))+((1)/((4)*(3))))+((4)-(3))),2.75
((((1)/(3))+(((1)-((((2)+(4))-(2))/(4)))-(4)))/(2)),-1.83333333333
(((3)+(((5)/(((2)-(4))+(3)))*(1)))-((2)/((3)*(1)))),7.33333333333
((((((2)/(2))-(2))*(((4)*((5)/(4)))*(3)))/(3))*(1)),-5
(((((4)/((3)+((3)/(4))))-((1)-(2)))*(4))*((4)*(2))),66.1333333333
(((5)*((2)+((1)+(3))))*((4)/((5)/((2)+((1)/(4)))))),54
(((4)*(((5)*(3))*((5)+(((2)*((4)-(4)))-(2)))))-(3)),177
((5)*((((((((1)+(1))/(5))*(4))/(2))+(1))-(3))*(5))),-30
(((5)+(((2)/((5)-(1)))*(2)))+((1)/((2)+((1)+(2))))),6.2
((((4)+((1)-((1)/(4))))/(((3)/(4))/((2)/(4))))*(3)),9.5
(((((4)*((5)+(((1)/(1))-((2)/(4)))))/(2))+(2))-(2)),11
((((2)/(5))*(((5)-(4))*((4)+((5)*((2)/(5))))))*(2)),4.8
(((5)*(2))-((((2)+(((3)*((5)/(3)))+(5)))+(1))-(3))),0
(((2)*(3))-((((3)+(3))*((2)/(((5)+(5))*(1))))-(2))),6.8
((5)*((2)+((((((2)*(4))*(2))-(3))*(1))/((2)+(1))))),31.6666666667
((((1)*(2))+((((2)*((4)-(1)))-(2))-((4)*(1))))/(2)),1
((((2)-(4))+(((3)/((1)*(5)))*((3)/(4))))*((5)/(3))),-2.58333333333
((5)-((2)+((((5)-((4)/(1)))-((2)*((5)-(5))))*(2)))),1
((2)/((1)*((((((3)-(1))-((2)/(3)))*(3))/(3))-(2)))),-3
((((1)*((2)+(2)))-((((4)/((5)+(1)))*(2))-(1)))+(3)),6.66666666667
((((1)*(2))-((5)/(((5)/(2))+(3))))*(((5)-(5))-(5))),-5.45454545455
((4)*(((((1)-(2))/(1))+((((1)/(2))+(5))-(4)))+(2))),10
((4)-((3)-(((2)+(((4)-((5)-(1)))/((1)*(3))))-(1)))),2
((((3)*(4))+((2)/((2)+((1)+(((5)-(5))+(4))))))*(3)),36.8571428571
((((2)-(5))-(2))-((((5)-((1)-(4)))-((3)-(3)))*(1))),-13
(((4)*((((4)*(2))/((((2)/(3))*(2))*(4)))/(5)))-(3)),-1.8
(((4)+((5)*(2)))*((1)*((3)+(((4)-((4)-(1)))/(4))))),45.5
((2)*(((1)-((3)*(3)))*((1)*((4)*((3)-((4)-(3))))))),-128
(((1)+(((4)-((1)/(4)))-(((3)-(3))/(2))))*((4)/(2))),9.5
((((1)/((5)/((5)-(((4)*(3))*((1)*(2))))))+(5))/(4)),0.3
((((1)-(4))-(((4)-(2))+((((1)+(5))-(4))+(2))))+(4)),-5
(((5)-((2)*(3)))/((1)/((2)/((((4)+(5))-(3))-(1))))),-0.4
((((5)*(1))/((1)/(((5)-((1)/(4)))+((2)-(1)))))*(3)),86.25
(((1)*(((5)*((((5)+((2)*(1)))*(4))/(1)))+(1)))+(5)),146
(((((2)/(((3)/((2)*(2)))*(4)))/(1))/((2)+(3)))+(5)),5.13333333333
(((3)*((4)/(((2)-((3)-((4)-(5))))+(3))))*((4)*(4))),192
(((1)/((4)/((1)/((5)+((5)+((4)-((4)-(4))))))))+(2)),2.01785714286
(((3)-(5))-((2)*((((1)*(5))+(2))/(((3)*(2))/(4))))),-11.3333333333
(((2)*(4))/((4)*(((3)*((4)*(((4)+(5))/(4))))*(3)))),0.0246913580247
((5)*(((3)-((((1)-(2))-(((4)+(5))-(1)))+(4)))/(1))),40
(((3)*(1))-((3)/(((4)*((3)+(5)))-(((4)/(2))*(4))))),2.875
((3)+(((((2)-((2)*(5)))*(2))*(1))*((5)*((4)/(1))))),-317
(((2)+(((((3)-((1)*(1)))*(5))/((5)/(5)))+(4)))/(1)),16
((5)+((3)-((5)/(((3)-(2))+(((1)-((1)-(5)))/(3)))))),6.125
(((((5)+((5)/(5)))*(4))*(((1)+((3)/(2)))-(4)))*(4)),-144
(((((5)*((((4)/((2)+(4)))*(4))*(5)))*(1))/(4))+(1)),17.6666666667
((((4)/((1)-(4)))+((5)/((5)-(2))))/(((5)*(5))-(2))),0.0144927536232
((((2)*((((4)+(4))/((1)*(4)))+((1)+(2))))/(5))/(2)),1
(((((3)/(1))-((5)/(3)))-((4)*((5)+(1))))+((1)-(4))),-25.6666666667
(((4)/(((1)+(2))/(4)))/((((3)*((3)*(5)))+(5))/(3))),0.32
((((4)-(((5)*(2))*(4)))+(4))/((((1)/(2))-(2))*(1))),21.3333333333
(((5)+((1)-(3)))/((1)/(((3)+(((1)-(5))/(3)))*(2)))),10
((((3)*(((2)-(3))*(4)))/(((4)-((2)-(4)))*(2)))/(1)),-1
((5)/((1)+((4)+((((3)-(3))-(((5)-(1))+(5)))*(1))))),-1.25
(((1)/(4))/((((5)-((2)-(5)))+((4)*(1)))-((5)*(4)))),-0.03125
(((2)/((1)/((((3)/(1))/(((3)/(1))*(1)))+(3))))-(4)),4
(((4)-(2))*((((4)*((3)*((2)+(4))))+(5))*((3)-(5)))),-308
((((2)-(2))*((5)+(1)))-(((5)*((2)-((1)+(3))))-(4))),14
((((5)/(1))+(3))/((5)-((((5)+((4)*(1)))-(5))*(1)))),8
((5)-(((1)/(3))-((3)-(((((3)/(2))*(1))+(5))+(2))))),-0.833333333333
((((((3)*((1)/(3)))-(4))+(5))-(1))/((3)+((1)+(3)))),0.142857142857
(((5)+(((5)-(1))*(4)))*((((2)-(3))-(3))*((3)-(2)))),-84
((3)*(((2)+((5)/(((3)/(5))+((3)*(5)))))+((5)*(2)))),36.9615384615
((4)*(((((3)/(3))-(1))*((1)-(3)))/(((4)-(3))+(3)))),-0
((((1)-(((1)*(5))+((5)-(5))))-(1))/(((1)*(3))-(5))),2.5
((((5)+((5)/((4)/((1)*(3)))))+(2))+((2)*((2)*(4)))),26.75
(((4)/(3))+((((5)-((3)*((4)/(3))))-(1))-((1)*(4)))),-2.66666666667
(((((4)/((2)+(3)))/((5)-(((4)*(3))+(5))))*(5))*(4)),-1.33333333333
((((1)*((((2)/(4))/(4))/(4)))/((3)-((5)+(1))))*(1)),-0.0104166666667
(((2)/(2))/((2)-((5)-(((4)-((2)*(4)))-((2)-(2)))))),-0.142857142857
((((1)-((((2)-(3))*(((1)+(1))*(5)))/(5)))*(3))/(4)),2.25
(((((5)+(1))-(3))*(((5)-((3)/(1)))+(1)))+((3)+(5))),17
((((2)-(4))+((5)+((((4)-((5)+(5)))*(2))-(5))))*(4)),-56
(((4)*((4)-(((2)+(2))-((3)+(((3)/(3))+(1))))))*(2)),40
(((((4)+(((1)/(5))*((1)*((1)-(3)))))-(4))*(1))+(4)),3.6
(((4)*(((1)-(5))+((4)/((3)/(1)))))/((5)-((5)*(2)))),2.13333333333
(((2)/((1)+(((2)/(2))-(1))))/((((2)+(4))/(1))/(5))),1.66666666667
(((((5)*(1))/((2)/(4)))-(((2)+(4))*(4)))+((4)*(2))),-6
(((((2)+(4))*(4))/(5))-(((4)-((3)/(3)))/((4)*(3)))),4.55
((((((4)+(5))-((4)*((1)/(4))))-(2))*(4))/((2)/(2))),24
(((4)*(((((2)+((3)-((5)*(2))))*(5))+(5))/(3)))+(5)),-21.6666666667
(((1)-(((2)+(((4)+(((3)*(1))-(1)))*(4)))-(2)))/(2)),-11.5
((((4)-((((2)+(2))-(1))-(3)))/(((3)*(1))*(2)))*(1)),0.666666666667
((((3)+(4))-(((2)*(((1)-(3))/((5)-(4))))*(4)))+(1)),24
((((4)*(((((4)*(4))*(3))-((2)/(1)))-(4)))-(2))-(3)),163
(((3)/(((5)/(((4)/(5))+(5)))-(3)))-((1)-((3)-(3)))),-2.40322580645
((((3)/(((3)-(((5)*((3)*(3)))+(1)))+(2)))/(2))*(1)),-0.0365853658537
((2)-((2)*(((((((5)/(1))*(5))-(5))-(2))/(2))*(2)))),-34
((2)/((4)/((3)/(((5)*((3)-((5)/(2))))*((3)/(2)))))),0.4
(((4)/((((2)+((1)/(((1)/(2))*(5))))-(5))/(1)))*(3)),-4.61538461538
((1)*((5)-((3)+((5)+(((1)*(3))+((5)-((5)*(1)))))))),-6
((4)+(((3)/(5))-(((2)*(5))*(((5)+((4)*(3)))*(5))))),-845.4
((5)-(((4)+(((4)-(5))+((2)+(5))))*(((3)+(2))/(3)))),-11.6666666667
(((2)/(((((5)-((2)+(5)))+((1)*(2)))+(5))+(1)))/(3)),0.111111111111
((((4)*(3))/((1)/(4)))-((((2)+(2))+((1)-(1)))*(5))),28
((((4)+(1))*((3)*(3)))*(((5)+((4)/(2)))-((2)-(1)))),270
(((((2)+(((3)/((3)+(4)))+(5)))/(4))*(3))+((3)*(5))),20.5714285714
((3)-((2)-((1)/(((((4)*(1))+(5))-(4))/((1)*(2)))))),1.4
(((((5)+(3))/((((4)*(1))/(2))+(5)))/(4))-((1)-(5))),4.28571428571
((4)/(((3)/((4)-((3)-(((5)+((5)+(3)))+(3)))))+(3))),1.25925925926
(((3)/(5))/(((5)-((1)*(((5)+(5))/((3)/(2)))))*(3))),-0.12
((5)+((((2)+(5))*(2))*(((1)/((1)-(2)))/((3)/(3))))),-9
(((((1)/(3))+(((5)-((2)*((4)*(3))))+(5)))*(1))/(5)),-2.73333333333
((((1)/(4))-(1))*((4)-((3)+((((5)/(4))/(5))-(1))))),-1.3125
((((((3)+(1))*(3))+(((5)/(3))*((3)/(5))))-(5))-(3)),5
((((1)-(4))+((2)*(4)))+(((3)/(1))+(((1)-(3))/(2)))),7
(((3)-(1))*((((5)*((4)-((4)/((5)-(4)))))/(2))/(5))),0
(((3)-((1)+(1)))+(((1)+(((3)/((2)+(3)))+(2)))+(5))),9.6
(((((4)+((((2)/(2))/(4))/(5)))/(3))/(5))/((1)-(5))),-0.0675
((2)*((3)+((5)/(((3)-((5)*((4)/((4)-(1)))))-(5))))),4.84615384615
(((3)/((2)/(4)))+((4)+(((1)/(2))*((5)-((5)-(2)))))),11
((((((4)/(5))*(5))-(5))-((2)+(((5)-(3))*(4))))+(1)),-10
((5)/((4)*((5)*((4)-(((1)*(4))-((2)*((1)-(4)))))))),-0.0416666666667
(((((1)/((1)-(4)))-(2))*(((2)+(4))/(4)))+((4)/(4))),-2.5
((1)-(((4)-(3))-((5)+(((5)*(3))-((2)/((2)/(4))))))),16
((((((3)*(3))/((3)/(3)))-((5)+(4)))*(4))/((2)/(2))),0
((((((4)/((1)+((3)/(5))))/(4))+((4)/(5)))*(3))/(5)),0.855
((1)*(((2)/(1))/((1)-(((4)-((1)+((2)-(1))))*(1))))),-2
(((4)*(((4)-(((2)-((1)+(4)))-(5)))-((2)+(1))))/(1)),36
((2)*(((3)*(4))*(((3)*((1)*(5)))+(((1)+(1))*(3))))),504
((((3)+((2)*(4)))-(((5)+(4))-(2)))/(((1)-(3))+(5))),1.33333333333
((((2)*(((5)+((2)*(1)))*(1)))+(2))+((5)+((5)*(4)))),41
(((2)/((4)+((4)/((1)-(3)))))*((3)/(((1)-(5))/(4)))),-3
((3)*((5)-((((5)-((4)/(((1)/(4))/(1))))*(3))-(1)))),117
((((4)+(1))/(((3)+((1)/((3)-((5)-(3)))))/(1)))/(4)),0.3125
((5)-((((5)/(4))*(4))+((5)-(((1)+(5))+((3)*(1)))))),4
((3)/(((2)*(((1)-((2)+(3)))+(5)))*(((3)/(2))*(2)))),0.5
((5)-((5)/((((3)+(2))/(((3)/(4))+(2)))-((1)+(4))))),6.57142857143
((((3)*((5)*(3)))-((1)*(((4)/((3)+(3)))+(1))))*(1)),43.3333333333
((4)*((((((2)/(2))*(4))*(4))+(((3)*(1))-(2)))-(3))),56
((((5)-(((5)+(1))*(4)))-((1)/(((1)*(4))+(3))))*(1)),-19.1428571429
(((2)*((4)/(((2)/(5))*(3))))*((((2)*(2))+(5))/(4))),15
((1)-(((((1)/(2))*(2))/((1)/(1)))+((4)*((3)+(2))))),-20
((4)/((((3)*(((((5)+(1))*(2))-(4))/(2)))-(3))/(3))),1.33333333333
(((5)/(((4)+(3))/((1)+(5))))/(((4)/((1)-(2)))/(2))),-2.14285714286
((((2)+(((((5)/(5))+((5)/(2)))+(5))+(3)))-(3))/(4)),2.625
(((4)+(((((1)/(3))+(2))-(3))-(4)))/(((2)+(4))+(4))),-0.0666666666667
((((((5)+((2)*((1)*((1)/(5)))))/(3))/(3))*(2))-(2)),-0.8
((((1)-((1)/((5)*(5))))/(((1)*(2))-((1)-(4))))*(4)),0.768
(((((((2)+((2)/(1)))*(2))+(3))+((2)*(4)))+(2))-(2)),19
((3)+((((((1)*((2)-((2)-(4))))/(5))*(3))-(4))/(5))),2.68
(((((1)+(2))-((((2)+(4))-(1))*((3)*(4))))*(5))*(2)),-570
((2)-((4)-(((5)+(((4)-(1))*((3)*(3))))*((5)/(4))))),38
((((5)*(((4)+((5)-(((4)+(3))/(2))))/(5)))*(1))+(3)),8.5
(((3)+(2))+((1)-(((5)+(((4)+(3))-((4)/(2))))*(1)))),-4
((3)/(((3)*((((2)/(3))/(4))*(3)))*((3)/((4)+(1))))),3.33333333333
(((1)+(((3)*(4))-(((2)*(((5)*(3))-(1)))/(3))))/(1)),3.66666666667
((3)*((((((2)/((4)-(2)))*(4))-(1))*(2))-((3)*(5)))),-27
((((4)-(((((2)+(4))/(2))/(3))*((2)+(3))))*(1))*(5)),-5
((3)*((5)/((4)*((((1)/(5))*((3)/((1)*(4))))/(4))))),100
(((3)+(((5)+(3))-((3)/((3)-(((1)-(1))+(4))))))+(2)),16
((3)+(((2)+((2)-((4)+(5))))*((2)+((1)*((3)+(5)))))),-47
((4)+(((4)*((((3)-(4))*(3))*((4)+((1)-(5)))))-(5))),-1
((((3)/(3))-(5))*(((4)*(2))-(((5)/(2))*((1)/(1))))),-22
((((5)+((4)+((2)*(4))))*((5)/(2)))/(((2)*(2))+(3))),6.07142857143
((((3)*((5)*(4)))/((((2)-(4))+(2))-(5)))*((4)*(1))),-48
((((2)-((4)*((2)+(1))))+(3))*((5)/((5)-((1)/(2))))),-7.77777777778
((4)*(((1)-(1))+(((((1)*((2)/(5)))*(1))*(4))/(3)))),2.13333333333
(((3)*(4))*(((3)/((5)/(3)))+((((4)+(5))/(1))/(2)))),75.6
(((((((5)*((3)+(5)))/((3)*(5)))+(2))+(1))*(2))+(2)),13.3333333333
((4)-((((1)+(2))-(2))*(((2)/(1))-(((5)-(2))/(5))))),2.6
(((((2)*((3)*((1)/((1)/(4)))))/(5))*(1))+((1)+(2))),7.8
((((2)/((2)/((1)/((4)+(2)))))*((2)*(4)))+((3)+(5))),9.33333333333
(((4)/(((4)*(((4)/((5)-(3)))*(5)))/(2)))*((3)*(2))),1.2
((((2)-(((((1)/(1))+((1)*(2)))+(1))*(4)))*(4))+(4)),-52
(((4)*((((4)/(2))-(((4)-(3))*((2)/(2))))/(4)))-(4)),-3
(((((2)-(((1)+(4))-(5)))+(((3)-(3))-(2)))/(1))/(5)),0
(((5)/(4))/(((((2)+((2)*(5)))*(5))*(3))-((1)*(5)))),0.00714285714286
((((5)-(3))-(4))*((((2)-(5))-(((4)-(2))*(5)))*(2))),52
(((5)+((((1)*(((4)*((4)-(4)))/(4)))/(1))+(5)))*(3)),30
(((((3)*(3))*(2))/(((2)+((1)+(5)))+((2)-(4))))*(4)),12
((1)*((1)-((((4)+(5))-(((3)+((2)+(2)))+(3)))/(3)))),1.33333333333
((((4)-(3))*((2)/(5)))-(((2)/(3))/(((2)*(3))*(5)))),0.377777777778
((((3)/(3))-((4)*((((3)*((3)-(1)))*(1))/(2))))+(5)),-6
((4)-((2)*(((5)+(4))-(((4)*(4))*((3)/((5)*(5))))))),-10.16
((4)+((((((5)/(4))*(5))*((3)-(4)))*(5))/((2)*(3)))),-1.20833333333
((((((3)-(1))/((1)*(1)))-(3))+((4)*(3)))-((4)-(1))),8
((((3)/(5))-(2))*((4)+(((5)-((4)-((5)/(2))))*(4)))),-25.2
((((((4)-(3))+(1))-(2))/(((1)/((3)-(1)))*(3)))/(3)),0
((3)*((((3)+(2))+((1)-((4)+((3)+(3)))))+((1)+(2)))),-3
((1)-(((4)-(5))/(((4)-(((3)+(2))*(5)))+((5)-(5))))),0.952380952381
(((1)+(3))+((((4)*(5))+((((3)*(5))+(5))+(2)))-(3))),43
((((4)-(2))-(1))-(((((4)/(3))-((2)/(1)))*(4))/(2))),2.33333333333
(((((3)+(((2)+(4))+(4)))*(4))*(((4)-(3))/(1)))+(2)),54
((((4)/((3)-(4)))-(3))/((3)-(((2)-((1)/(5)))-(5)))),-1.12903225806
(((5)/(3))-((1)+((1)*(((5)/((3)*(5)))*((5)-(3)))))),2.22044604925e-16
((1)-((3)+((1)*(((((5)*(1))-(4))/((5)*(5)))-(1))))),-1.04
((((5)+((((3)*(2))-(2))-(1)))/(2))-((5)+((5)+(1)))),-7
((((((5)-(1))-(4))/((3)+(3)))*(((2)+(5))/(4)))/(5)),0
(((2)/((5)-(1)))/((((5)/((4)/((4)-(1))))+(5))-(5))),0.133333333333
(((5)*(((((2)*(4))+(((3)*(4))/(4)))/(5))+(5)))-(1)),35
((((3)-((5)+(4)))+((3)*(((3)/(1))+((5)+(1)))))/(3)),7
((1)+((((3)-((((3)/(1))*(1))-(5)))-((3)/(5)))+(1))),6.4
(((4)*(((2)-((5)+(1)))/(4)))*((((4)-(2))-(5))-(3))),24
(((1)-(((1)/((((4)+(1))+((2)+(4)))/(2)))/(5)))*(1)),0.963636363636
((((3)/(5))/(((2)+(2))/((5)+((5)*(3)))))*((4)/(1))),12
(((3)/((4)*((((4)/(5))+(4))*(4))))*(((4)+(1))*(2))),0.390625
(((2)-(3))/((4)-((1)/((2)+(((1)-((1)-(4)))*(2)))))),-0.25641025641
(((5)+(((((1)-(2))-(5))-(5))*(5)))+(((5)+(2))-(2))),-45
((3)*((5)*(((((1)*(((1)*(5))+(2)))+(1))*(2))/(2)))),120
(((((3)-(((2)*(5))/(2)))*(1))*(1))-(((1)-(1))*(1))),-2
(((((2)/(4))-(2))+(2))-((3)+((1)*(((4)+(3))+(1))))),-10.5
((((((5)*(3))/(2))*(((2)-((3)*(4)))/(4)))+(2))*(1)),-16.75
(((3)*((5)+(1)))*((4)*((4)/(((1)+(4))*((4)-(3)))))),57.6
(((3)+((3)+(((((3)+(5))*((5)*(5)))/(4))/(2))))/(2)),15.5
((1)/((((2)/(1))+(2))*((5)-((4)/((2)-((4)+(3))))))),0.0431034482759
(((4)*(4))*(((((4)+(3))/((1)+((5)+(2))))+(2))+(4))),110
(((4)+((2)*(5)))*(((5)*((2)/(((1)-(5))/(3))))/(3))),-35
((1)-((2)/(((5)*((((2)*(5))+((3)-(5)))-(5)))-(4)))),0.818181818182
((((((5)*(3))/(5))-(5))/(2))*((3)+((2)/((1)/(4))))),-11
((5)*(((1)+(((1)-((((2)/(4))-(3))/(4)))*(4)))+(1))),42.5
((((3)*(3))*((1)*(((((5)+(4))+(5))-(1))*(2))))+(5)),239
(((5)/(((3)*((1)+(((4)/(3))+(4))))*((3)*(3))))/(1)),0.0292397660819
((3)/((((3)*(2))-(((3)*(((4)/(5))*(3)))+(1)))-(5))),-0.416666666667
(((((5)/(3))*((((3)-(1))+(1))/(3)))+(3))/((3)*(5))),0.311111111111
(((((5)-(((3)*(5))+(5)))/((5)/((3)*(1))))/(1))/(3)),-3
(((1)-((3)/((5)+((3)-(1)))))/(((5)-((2)/(1)))+(5))),0.0714285714286
((((((3)+((3)/(2)))*(4))+(2))+((3)/((5)*(4))))*(1)),20.15
((((5)-(4))/(((5)+(2))/((3)/(((2)+(3))-(4)))))*(1)),0.428571428571
((4)*((5)-(((1)+((2)+((5)+(4))))*((3)*((4)/(2)))))),-268
(((2)+((5)*((4)-((5)/(3)))))/((3)/(((1)-(5))-(3)))),-31.8888888889
((((((((1)*(5))-((4)/(4)))/(2))+(5))+(2))/(3))*(1)),3
(((3)+((4)+(((4)-(3))/(((3)+((3)*(5)))/(2)))))-(1)),6.11111111111
((((1)+(4))/((3)*(4)))+((((1)*((3)+(5)))-(1))-(2))),5.41666666667
((1)*(((4)*(3))/((2)*(((5)+(2))+(((2)+(5))/(5)))))),0.714285714286
(((((((3)+(4))/(3))*((3)-(4)))-(3))-(4))*((1)-(4))),28
((((2)+((2)*((2)-(((1)*(2))/((4)/(4))))))/(4))*(2)),1
((2)*((((5)*((1)+(4)))+(((4)-((5)-(5)))*(2)))/(4))),16.5
((3)+(((2)*(1))/((5)+((2)/((2)/(((5)/(3))+(4))))))),3.1875
((3)-(((4)-((((1)-(4))*(1))+(2)))*((5)/((1)*(1))))),-22
(((4)-(((4)/(4))+(5)))+(((5)*((1)-((4)*(5))))/(5))),-21
((5)*((5)-(((3)-((4)-((2)+((3)*(5)))))-((4)-(3))))),-50
((((1)*((5)+(((2)+((1)+(4)))+(2))))/((1)+(2)))-(2)),2.66666666667
(((4)/(((1)*((5)+(3)))*(((5)*(2))+(4))))/((2)+(4))),0.00595238095238
((5)*((((2)*((((4)-(5))*(5))-((1)*(1))))*(3))-(5))),-205
((3)/(((3)/((3)/((5)*(2))))-(((1)-((1)/(5)))*(3)))),0.394736842105
((2)-(((4)*(((3)-(2))+((1)+(1))))-(((1)+(4))/(5)))),-9
(((3)-(((5)+((4)-((1)-(3))))*((4)*(4))))+((5)*(4))),-153
((5)/((((3)/(((5)/(4))+(3)))-((3)-(3)))/((5)/(4)))),8.85416666667
(((1)/((3)/((1)*((4)-(2)))))/((4)+((2)/((3)+(1))))),0.148148148148
((1)/((2)-((1)/(((5)+((4)/((1)/(1))))-((3)+(4)))))),0.666666666667
(((((5)-(((5)*(3))/((2)-(1))))+(4))+(4))/((4)*(2))),-0.25
(((1)/((((2)*(4))*(3))-((((5)-(2))+(1))*(1))))*(1)),0.05
((3)*((((2)+((2)-((4)*(4))))/((1)-(3)))+((1)*(1)))),21
((2)-(((((2)*((3)-(5)))+((3)+(4)))+(3))*((3)-(3)))),2
(((((2)/(((1)*(2))*((3)*(2))))/(3))/(4))-((5)+(4))),-8.98611111111
((5)+(((((2)-(((4)/(4))-(1)))/(5))+(4))/((5)*(1)))),5.88
(((1)/(((3)*((((3)-(2))/((5)+(3)))*(2)))/(4)))-(4)),1.33333333333
((5)-(((4)*((4)/((3)/(2))))-(((1)/((1)+(5)))-(3)))),-8.5
((5)*((((((2)+(((1)*(4))+(3)))-(5))+(5))/(2))*(1))),22.5
(((((4)-(4))/(5))-(2))+(((5)*((1)/((1)/(3))))-(2))),11
(((3)*(2))/(((1)*(4))+((1)/(((5)-(4))+((4)+(5)))))),1.46341463415
(((1)-(5))*((5)/(((5)+(3))*((1)/(((5)+(5))-(1)))))),-22.5
(((((4)+(2))+(((1)*(1))/(5)))*(((3)+(4))/(2)))+(5)),26.7
(((5)/(2))/((((1)*(2))+(3))+(((4)+((4)-(1)))*(5)))),0.0625
((((((1)*(1))/(2))/((1)*(3)))*(2))/((5)-((4)-(5)))),0.0555555555556
((3)*((((2)+(5))+((((1)-(2))*((1)/(4)))+(5)))+(1))),38.25
((((1)*(4))/(1))*(((2)*(4))-((2)*(((5)-(3))/(1))))),16
((((4)-(5))-(2))+(((1)+((3)/((2)+((3)-(1)))))-(1))),-2.25
(((3)*((((3)-((2)-(4)))/(((4)/(5))*(1)))-(3)))+(4)),13.75
((3)/((((1)-(((3)+(3))*(1)))*(((2)/(4))*(4)))-(5))),-0.2
((((2)+(1))*(((2)*(((5)-(2))-((1)/(5))))+(5)))-(1)),30.8
((4)+((((3)/(((1)*(1))*(1)))*(2))*((1)/((1)*(5))))),5.2
(((5)+((((1)/(3))*(((3)*(1))-(5)))+(4)))/((1)+(5))),1.38888888889
((((3)/(3))+(5))+((((3)+(3))/(3))+((2)-((3)*(1))))),7
((((4)*(2))-((5)+(3)))+((((3)/(4))/((5)+(1)))-(3))),-2.875
((((2)-((4)/((((2)/(2))-(4))+(4))))/((4)-(1)))+(1)),0.333333333333
((5)-(((2)+(1))-(((1)+(4))/(((3)-(1))+((5)+(2)))))),2.55555555556
(((((3)*((2)/(2)))/((4)-(((4)*(4))*(4))))*(3))*(4)),-0.6
((((5)*(1))-((((4)+((2)-(3)))+((4)*(2)))*(1)))*(1)),-6
((1)+((((3)*(((4)-((4)+(2)))/(5)))-(5))/((5)/(3)))),-2.72
((1)/((1)*((((5)*((5)*(1)))+(1))-(((2)/(3))/(3))))),0.0387931034483
(((4)+((5)/(2)))/(((3)*(((5)-(2))*(4)))-((2)/(3)))),0.183962264151
(((((2)*(((3)+(2))*(5)))+(2))-(((5)-(2))*(1)))/(3)),16.3333333333
(((2)+((((((5)*(2))/(3))*(3))-(3))*((4)-(3))))*(1)),9
((2)/((2)-(((((4)/(2))-(2))*(((3)/(3))-(1)))*(5)))),1
((((2)/(2))*(4))-((((3)/(2))*(3))/((3)+((3)*(1))))),3.25
(((((4)*(((2)/(5))*(1)))-((2)-(4)))*((4)-(1)))*(2)),21.6
(((((1)+((1)+(2)))-((5)/(((3)*(5))*(3))))*(5))*(2)),38.8888888889
(((2)*((((4)+(((4)/(1))-(3)))+((2)+(3)))+(1)))+(1)),23
(((4)+(((3)+((1)+((4)*(5))))-(4)))/(((5)/(1))+(1))),4
((2)+(((1)+((5)-(1)))-((((2)/(1))/((3)*(3)))+(3)))),3.77777777778
(((((3)+(1))-((5)*(1)))+(((2)-((1)/(3)))-(5)))/(2)),-2.16666666667
(((5)*(4))*(((5)*((5)+((4)*((4)*((2)*(2))))))/(3))),2300
(((((1)+((5)+(((2)-(2))/(1))))+((4)-(5)))/(1))+(3)),8
((((4)+(3))/(4))+(((2)*((2)+((5)-((4)-(5)))))/(2))),9.75
((5)+((3)+((3)*((((5)*(4))/((1)/((5)+(3))))-(3))))),479
((2)/((4)*(((((((3)+(4))-(2))*(1))-(1))-(1))*(5)))),0.0333333333333
((((1)-(4))+(1))*((((3)*(1))/(((4)+(4))-(1)))-(3))),5.14285714286
((((3)/(((2)+(5))-((4)/(2))))/((4)*((1)+(3))))/(2)),0.01875
((((((5)-((5)-(((3)-(3))-(2))))+(2))*(2))*(3))*(4)),0
(((((2)+(4))/(5))*(4))*((((4)-((1)/(3)))/(1))-(2))),8
(((((5)*(1))/(1))-(1))/((((1)*((5)*(2)))*(5))*(1))),0.08
((((4)+(4))*(3))/(((3)-(2))*(((1)+((4)/(5)))*(1)))),13.3333333333
((2)*(((2)/(3))-(((5)*(((4)/(3))/(1)))+((5)/(1))))),-22
((((1)+(1))*((1)-(4)))*(((2)-(5))/((4)/((1)/(5))))),0.9
((2)-((((((4)*((1)/((2)+(5))))-(3))-(5))*(3))-(1))),25.2857142857
((2)+((((2)-(3))+(4))-((4)-((4)*((1)*((1)-(1))))))),1
(((5)/(1))+((((4)-(4))+(2))-(((1)+((3)*(3)))-(5)))),2
((2)+((2)-(((3)+(((2)*(1))-(4)))+((1)-((2)/(3)))))),2.66666666667
(((((2)-(3))-((2)+(3)))-((2)/((4)/(2))))*((3)/(3))),-7
((5)+((((5)/((3)/(3)))/((5)*(((4)+(2))/(5))))*(1))),5.83333333333
((3)/(((1)-(3))/(((2)/((3)*(((1)*(3))*(4))))/(3)))),-0.0277777777778
(((1)+((3)+(((1)/(((3)-(4))/((4)+(5))))+(4))))*(1)),-1
(((2)*(5))-((3)/((4)+((((2)/((4)+(4)))*(1))+(3))))),9.58620689655
((((((5)+(3))/(1))-(1))*((5)/(((3)*(2))*(1))))/(5)),1.16666666667
(((3)/(((4)*(5))-((1)/((((5)+(5))+(3))/(4)))))*(1)),0.15234375
((3)+((2)/(((5)-((5)/(1)))-((((3)/(5))*(1))+(2))))),2.23076923077
(((((1)*(((4)+((2)-(1)))/((1)+(1))))+(1))/(4))/(4)),0.21875
(((5)*((((((1)+(4))-(1))/((4)+(2)))-(1))*(3)))-(3)),-8
((3)/((((2)/((2)-((4)+(3))))-((3)/(3)))*((4)-(5)))),2.14285714286
(((((((3)*((4)-(3)))*(3))*(4))*((4)-(5)))+(2))-(1)),-35
(((1)*(5))*((1)*(((1)/(1))-((3)+(((5)/(4))-(5)))))),8.75
(((1)+((4)+((((1)/(5))-(5))-(2))))/((2)/((5)+(1)))),-5.4
((2)+(((1)+(1))/(((5)+(((5)-(2))-((1)/(3))))/(4)))),3.04347826087
(((2)-(1))*(((5)/(((4)+((3)/(5)))+((4)*(4))))*(1))),0.242718446602
((((1)/((1)+(1)))*((3)+((1)*((1)/(4)))))*((3)-(5))),-3.25
((((5)*(2))+(((2)/(((4)+((2)/(4)))+(5)))+(5)))*(2)),30.4210526316
((4)/(((4)*((1)/((3)-((3)+((5)/(1))))))-((2)*(4)))),-0.454545454545
((3)-(((2)+(5))-((((3)+((5)/(4)))-((1)*(4)))+(3)))),-0.75
(((4)/((5)-(4)))+(((5)/(((2)+(4))+((5)/(3))))*(4))),6.60869565217
((((((1)/(4))-(1))*(5))*((4)-((4)+((5)+(5)))))*(5)),187.5
((3)+((5)-((((4)-(((5)*(4))+((2)-(4))))/(1))+(5)))),17
((3)+((((((4)-(3))/(5))+(((1)/(4))-(1)))/(2))/(1))),2.725
((((2)+(3))*(1))-(((4)+((4)/((1)/((2)*(1)))))*(1))),-7
(((3)/(4))*((4)*(((((4)+((3)/(3)))+(1))+(2))*(1)))),24
((((1)-(5))+(((1)+(((1)-(1))/((3)/(5))))-(4)))*(3)),-21
(((4)/(2))*((2)+((((2)+(5))*(4))/((4)+((5)*(3)))))),6.94736842105
((2)+((((4)-(3))/(((4)*(((3)*(3))+(5)))*(5)))/(1))),2.00357142857
(((((5)/(1))/(3))-(5))*(((2)-(1))/((2)-((3)+(2))))),1.11111111111
(((2)+((3)/(2)))-(((5)*(((2)-(5))/((3)+(3))))-(2))),8
(((1)-(((4)/(2))+(1)))*(((4)*(3))*((4)-((3)*(4))))),192
(((1)/(3))*(((((1)/(((5)-(3))*(3)))-(3))*(3))-(3))),-3.83333333333
((3)+(((2)/(((3)+((3)/(((4)+(4))*(3))))-(5)))+(4))),5.93333333333
((2)*((((2)+(5))-((((1)-(1))/((4)+(3)))*(4)))*(4))),56
(((2)*(((4)*((1)-((2)*((2)*((4)*(3))))))-(2)))/(5)),-76
((3)+(((2)/(4))*((1)/((5)*((((1)*(1))-(5))+(5)))))),3.1
((((5)/((5)+((((4)+(1))*(2))/(1))))/((2)+(3)))*(4)),0.266666666667
((4)+(((4)-((((3)*((2)-(4)))*(2))-(3)))*((3)*(5)))),289
((((((3)/((1)-(4)))*((4)+(4)))+(5))/(3))+((3)*(3))),8
(((((5)-(1))/(2))/(5))+((((4)*(1))*((3)-(3)))+(1))),1.4
(((4)-(3))*(((4)+((2)*((2)+((4)-(2)))))+((3)+(2)))),17
((((4)*(1))/(((((1)+(2))+((5)-(3)))*(2))/(4)))+(1)),2.6
(((((3)+(2))-(5))*(((3)-((4)/(5)))+(2)))-((4)-(1))),-3
(((((4)-(5))-(2))-(4))+(((3)/(1))/((1)/((2)+(3))))),8
(((4)/(((4)+(3))*((2)+((((5)/(2))/(5))/(4)))))-(5)),-4.73109243697
((3)/((((1)-(((1)+((1)/(4)))-(2)))-(4))-((3)-(3)))),-1.33333333333
((3)/(((4)-(((1)-((5)-(4)))+(5)))+((3)/((2)*(3))))),-6
((4)+(((((1)-((3)/(1)))/(1))*((1)-((2)/(2))))*(3))),4
(((1)-(2))+((((3)-((4)-(2)))*((2)*(1)))-((3)-(3)))),1
(((2)-((3)+(((4)/((4)/(4)))+(((1)*(5))-(5)))))+(4)),-1
(((3)*((5)/(5)))/(((2)*(1))+((((3)/(2))/(5))/(5)))),1.45631067961
(((1)-((((2)/(5))-(2))-(1)))*(((4)/(2))/((2)+(1)))),2.4
(((2)/((3)*(3)))/(((1)+((1)-((4)+((5)-(2)))))/(1))),-0.0444444444444
(((5)/((5)+(3)))+((5)-((((4)-(2))/(5))+((4)/(5))))),4.425
((1)-((((3)*((3)*(4)))*(5))-((3)/((5)+((4)*(4)))))),-178.857142857
(((4)*(1))*((1)+(((5)*((3)/((2)/((3)/(5)))))*(2)))),40
(((3)-((((5)/(3))*(2))-(3)))*((((2)+(2))/(5))-(4))),-8.53333333333
((2)/((2)+((((2)/((4)*(1)))+(3))-((1)+((2)*(3)))))),-1.33333333333
(((4)/((((3)+((2)/(((4)-(1))-(2))))/(5))*(3)))*(1)),1.33333333333
(((2)-(5))*((4)+(((5)*(((5)+(3))-((1)*(4))))+(3)))),-81
((5)*((((5)/((4)/(4)))-(2))*((((3)-(1))-(1))/(2)))),7.5
((2)+((2)/((1)*(((2)/(1))+((((1)+(1))+(3))-(1)))))),2.33333333333
((((((5)-(4))*((1)/(3)))/(1))-(5))+(((2)*(3))/(1))),1.33333333333
((5)+((((1)-((5)/((1)/(2))))/(((3)/(2))/(2)))+(4))),-3
(((4)/(2))+(((4)-(3))-((5)+((3)*(((4)+(4))+(1)))))),-29
(((1)/((((((3)*(3))*(5))/(2))/(3))/(1)))*((5)*(1))),0.666666666667
(((((2)+(((2)/(2))-(1)))/((1)+(1)))/((5)/(3)))/(4)),0.15
(((((5)-(3))+(4))/((1)-((1)/(5))))+(((3)/(4))*(2))),9
(((3)-(2))+((((5)-(3))+((5)*(5)))/((1)*((5)+(2))))),4.85714285714
((((2)+(3))+(2))-((4)-(((((3)*(5))-(3))+(1))-(4)))),12
(((2)*(((5)-(2))*(((1)-((1)-(4)))+(1))))/((3)-(2))),30
((1)-((1)*((((2)+((3)-(3)))/((2)-(5)))-((1)+(4))))),6.66666666667
(((((1)+((4)-(3)))-((5)+((5)/((2)+(4)))))+(5))-(1)),0.166666666667
(((((5)+((4)-((3)+(3))))*(2))*((2)/((5)*(5))))/(4)),0.12
(((5)-((2)+(((5)*(((2)+(1))*((5)*(1))))*(4))))+(1)),-296
(((4)-((((3)*(((2)-((5)+(3)))-(3)))+(5))-(1)))/(3)),9
((1)-(((5)-((2)*((2)+((((4)+(1))*(4))*(1)))))*(1))),40
((((((3)/(4))/(1))*((4)+((1)*(1))))-((3)/(1)))/(1)),0.75
(((((((2)/(5))-(((5)-(3))+(4)))+(2))-(2))-(2))/(3)),-2.53333333333
(((2)*(((((4)+(((2)*(2))+(1)))*(4))/(4))+(5)))-(5)),23
((((1)/(5))/(((3)/((1)-((3)+(3))))*((1)/(4))))*(3)),-4
((3)-((((((1)*((3)/(2)))-((2)*(4)))*(1))*(3))-(1))),23.5
(((3)/(((4)*(5))*((3)/(3))))/(((4)-(1))+((5)*(4)))),0.00652173913043
((((1)*((1)/(5)))-((5)*(((1)/(4))/(2))))+((3)/(4))),0.325
(((2)-((((1)*((1)*(1)))+(3))+((1)/((1)+(2)))))/(1)),-2.33333333333
(((5)-((4)*((((3)+(3))+(4))*(2))))/((4)+((1)+(5)))),-7.5
((((5)+(5))/(5))-(((((5)*(3))/((1)/(5)))/(5))+(3))),-16
((1)+((3)/((3)+((((1)*(((5)+(1))-(4)))/(1))/(5))))),1.88235294118
(((3)*((2)/(2)))*((((5)/((4)-(3)))-((3)/(2)))*(1))),10.5
((1)+(((((2)-((4)/((1)/(2))))+((1)-(3)))/(2))*(4))),-15
((((2)-(2))+((((5)/(1))/(((1)/(5))-(2)))/(3)))+(4)),3.07407407407
(((3)+(3))/((((3)-(((4)*(1))+(4)))*(3))-((4)/(1)))),-0.315789473684
((4)-((((2)+((2)/(((4)/(5))+(2))))/((2)*(2)))/(5))),3.86428571429
(((4)+(1))+(((3)-((2)-(((4)*(5))*((2)*(3)))))/(4))),35.25
((4)+((((2)+(((5)/(((2)/(3))-(4)))*(4)))-(5))-(1))),-6
(((5)*((((4)-(4))-(2))/(5)))/((5)*(((1)-(5))*(1)))),0.1
((((2)-((((3)/(4))-(3))/(4)))*((5)-(2)))+((4)*(5))),27.6875
((((4)+((2)+(1)))-((3)/(((4)+((5)+(5)))+(4))))/(1)),6.83333333333
((1)+(((((3)/(4))/(2))-((5)*(((1)/(4))/(5))))/(1))),1.125
((4)/((2)+(((4)/((3)/(((3)-(2))/(1))))/((3)*(1))))),1.63636363636
((1)*((((1)+(((2)*((3)/(3)))-((1)+(3))))/(5))+(5))),4.8
((2)-(((((5)+(2))+(3))+(1))-(((5)-(1))+((5)*(5))))),20
(((((5)*(5))-(5))+((3)/(5)))-((1)*((1)/((3)-(1))))),20.1
(((3)/(((1)-(5))/((2)-((2)+(((1)*(2))*(1))))))-(1)),0.5
((2)+(((((5)/((2)+(2)))-((1)+(2)))+(4))-((3)+(5)))),-3.75
((((((1)/(1))/((((2)+(4))-(4))/(2)))/(5))/(2))+(4)),4.1
(((2)/(1))+(((3)/(4))/((5)/(((4)+(5))+((1)+(4)))))),4.1
(((((1)/(1))+(2))-((5)/((4)-(((3)/(2))-(1)))))*(1)),1.57142857143
(((3)*(2))-(((4)*((5)+((3)+(((4)*(2))*(3)))))+(4))),-126
((((((4)+(5))+(1))/(((4)+(5))+(4)))/(3))*((3)*(4))),3.07692307692
(((1)*(((2)-((1)+(2)))*(2)))*(((5)/(4))*((1)+(3)))),-10
(((2)-(1))*(((5)*((2)*(((2)-(5))*(1))))/((4)/(5)))),-37.5
((2)+((((((1)+(2))*((2)*(4)))/(1))+((2)+(1)))/(1))),29
((1)+(((((4)*((2)-(((1)*(1))+(4))))*(4))-(2))+(3))),-46
(((((2)/(3))/(((2)-(4))-(((4)*(4))*(5))))-(1))/(2)),-0.50406504065
((3)/(((4)-(3))+((((4)-(4))/(1))-(((1)*(1))/(3))))),4.5
((5)+((((4)*((1)+(((5)+((1)-(5)))+(4))))*(5))+(1))),126
((((4)/(((1)/(2))*(2)))*((3)*((3)*(2))))-((3)*(1))),69
(((((4)+(4))/(((3)-((3)/(4)))-(2)))/(1))-((5)/(5))),31
((5)*(((4)+(4))/(((((5)/(3))/(4))+(3))/((2)-(3))))),-11.7073170732
(((3)+(5))*(((((2)+(4))-((1)-(1)))/(3))/((2)*(2)))),4
((5)-(((4)-((4)+((1)-((4)+(2)))))/(((4)/(2))/(3)))),-2.5
((((4)-((((5)/((1)+(5)))+(4))-(2)))-(2))/((5)*(1))),-0.166666666667
((2)+((1)*(((((1)-((3)+(2)))/(3))+(5))+((1)/(1))))),6.66666666667
(((5)+(5))-((3)-((3)*((2)*((3)*(((4)/(1))+(2))))))),115
((((3)+((5)*(2)))*(3))-(((((3)-(5))/(4))+(1))/(4))),38.875
(((((4)/(5))-(2))-(2))+(((1)/(((4)/(4))+(2)))*(2))),-2.53333333333
(((4)/(((2)+(((4)+(2))/(3)))/((2)/(5))))+((1)/(5))),0.6
((((((3)/(2))-((5)-((1)/(5))))*(5))+((2)+(1)))+(5)),-8.5
(((5)+(((((2)*((3)+(5)))+((4)*(2)))+(2))-(3)))-(5)),23
((1)*((4)+(((1)*(1))*((1)/(((1)/((1)/(1)))*(1)))))),5
((5)-((((((1)+(2))*(5))-(4))*((4)+(3)))/((5)/(5)))),-72
(((3)/((3)*((3)*(((5)/(((4)-(5))/(5)))+(3)))))/(3)),-0.00505050505051
(((4)+((4)/(((1)/((5)/(((3)-(2))+(4))))/(4))))/(1)),20
((((4)-((3)-(4)))+((((2)+(4))-((3)*(2)))+(3)))+(1)),9
((4)+((5)/(((3)+(1))/((((3)+(4))-((1)/(5)))/(5))))),5.7
((((((1)-(2))/(2))+(2))-(1))+((((3)*(3))*(2))/(5))),4.1
((5)/(((5)-((4)*(((4)*((3)+(5)))-(5))))/((3)*(5)))),-0.728155339806
((((4)/((5)/((5)+(((3)+((3)/(1)))+(4)))))/(3))/(3)),1.33333333333
(((1)*((4)*(3)))/(((4)*(((1)*(4))/((4)*(3))))/(3))),27
((((5)-(2))*(3))-(((1)*((1)-(1)))*((1)/((3)+(4))))),9
(((3)/((((4)-((2)-((4)-(3))))*((3)*(1)))*(2)))+(3)),3.16666666667
((((2)+(((2)*(2))+(4)))*(((3)+(4))-(4)))*((1)-(5))),-120
(((3)*(((4)/(3))+((4)+((5)-((5)*((5)+(5)))))))/(2)),-59.5
(((((((3)-((1)/(3)))-(3))+(5))+((1)/(4)))+(2))/(1)),6.91666666667
((4)*(((1)+((2)+((5)*(((4)-(1))-(3)))))+((4)+(2)))),36
((5)/(((((1)/((5)*(4)))*(5))/((4)-((5)+(4))))/(2))),-200
((2)/((3)/(((5)-((3)+(((1)/(3))*((3)-(4)))))*(1)))),1.55555555556
((((((3)+(2))*((2)+((1)/(5))))*((5)-(4)))*(2))*(3)),66
((((((1)/(3))-(((1)-(5))-(2)))*(3))*(4))+((1)*(3))),79
((((1)-(1))/(((5)+((3)*(1)))/(((5)*(1))+(5))))/(4)),0
((((5)/((((3)/(4))*((3)/((4)/(3))))*(5)))*(1))-(1)),-0.407407407407
((((2)+(1))*((((1)/(1))-(2))*((1)-(3))))/((5)+(3))),0.75
(((5)*((2)+(((2)*((2)/((4)*((2)-(1)))))-(4))))-(4)),-9
(((4)-(3))+((1)+(((2)/((((5)-(2))-(2))+(2)))-(1)))),1.66666666667
(((2)/((3)+(4)))+((2)-(((((1)-(3))+(5))*(4))+(2)))),-11.7142857143
((2)-((1)+(((2)-(3))/((((5)-((1)*(4)))*(5))*(1))))),1.2
(((((((4)+(3))+(5))-(1))/(4))*((4)/(5)))/((4)-(1))),0.733333333333
(((1)*((((5)-(4))-(2))+(((3)+(5))-(1))))-((2)+(3))),1
((4)/((4)*((1)/((((5)/((3)*((3)+(1))))+(5))/(5))))),1.08333333333
(((4)+((2)*(4)))-(((5)+(((3)-(4))+(5)))*((1)-(5)))),48
((((2)-(((1)*((1)/(1)))/(3)))-(4))/((5)-((1)*(3)))),-1.16666666667
((((((1)*((2)-(1)))/(1))-((2)+(3)))+(2))+((3)*(2))),4
((2)/(((4)+((3)+(5)))-((4)/(((5)-(4))/((2)-(5)))))),0.0833333333333
(((3)+(((5)+((4)-((1)+((5)+(4)))))/(5)))-((5)+(3))),-5.2
(((4)+((((1)+(1))*(1))-(((4)*(3))-(5))))/((4)-(3))),-1
((((3)/((3)+(((5)/(2))-(1))))*(2))+((3)-((3)*(3)))),-4.66666666667
((4)-(((5)*(((((5)*(5))*((5)/(3)))+(5))+(4)))-(1))),-248.333333333
((((1)-((2)/(((4)*(3))*(2))))/((5)-(4)))/((4)-(3))),0.916666666667
(((2)+((2)-((5)/((4)*((2)-((1)*(5)))))))/((3)+(2))),0.883333333333
(((2)*((3)+(4)))+(((3)/(2))-(((4)-((5)+(5)))*(1)))),21.5
(((3)-(3))-((((3)*(3))+(((5)*((2)-(3)))+(3)))-(1))),-6
((1)-((2)+(((4)/(4))*((4)*(((4)*(3))*((4)-(1))))))),-145
((4)+((3)+((5)-(((3)*((1)/((1)+((3)+(1)))))*(1))))),11.4
((((3)/(4))-(2))/((((3)*(((5)/(5))-(2)))+(1))*(4))),0.15625
((3)/((((3)-(2))+((5)/((2)/(1))))-((2)+((2)-(2))))),2
(((1)/(4))+((((4)/((4)*(2)))/(4))+(((5)/(4))-(4)))),-2.375
((((3)/(3))+((((3)-((5)/((2)-(4))))*(4))-(3)))-(5)),15
(((5)-(((3)+(((1)-(1))*((5)+((2)*(3)))))+(5)))+(4)),1
((4)+(((3)+((1)+(((((4)-(3))*(2))-(1))-(3))))+(3))),9
((((2)+((2)+(3)))-((3)-((2)-(((1)+(5))-(4)))))/(4)),1
((4)-((((((4)*(5))/(5))/(4))+(2))/(((4)-(2))+(1)))),3
(((((3)*((2)*(3)))/(3))/((4)+((2)/(2))))+((4)-(1))),4.2
(((2)+((((2)+((2)+(1)))/(1))+((5)/(3))))+((5)/(3))),10.3333333333
((((1)*(4))/(1))*((5)/((5)/(((3)+((1)+(5)))+(3))))),48
((3)-(((2)/(((1)/(5))*(5)))-(((1)*(2))+((1)*(2))))),5
((4)/((3)-(((((2)*((2)+(2)))*(3))+((2)-(5)))-(1)))),-0.235294117647
((3)*((3)*(((((3)-((3)+(5)))+((3)+(2)))/(4))*(1)))),0
((5)+(((1)/((4)-(((1)*(4))*(4))))/(((1)/(3))+(1)))),4.9375
((5)/(((3)+((3)*(((2)-((2)-(1)))/((1)+(2)))))*(3))),0.416666666667
(((1)-((4)-(((2)-((5)+(3)))+((5)/(2)))))-((4)-(5))),-5.5
(((((2)*(1))*((1)+(((5)-(1))+(1))))/((2)+(2)))/(3)),1
(((3)/(4))*((5)+((((5)+(3))/(4))/((2)-((5)/(5)))))),5.25
(((2)-(4))+(((2)/(((5)/(5))*((2)/(2))))-((2)*(4)))),-8
((((((2)*(4))+(5))/(2))*(4))-((((3)*(5))+(4))/(1))),7
(((((3)*((1)*((5)/(4))))*(3))+(4))*(((1)/(4))-(1))),-11.4375
(((2)/(2))-((1)+(((((1)-(4))/(5))/(3))/((2)-(3))))),-0.2
(((5)+((1)/(((4)/((1)+(3)))/((2)+((5)/(5))))))/(1)),8
(((2)/(4))+((1)-(((((2)+(4))/(3))+(3))+((1)*(3))))),-6.5
((4)/((((1)/((2)/(5)))+(2))+(((1)-(4))-((1)+(5))))),-0.888888888889
(((5)*(3))-(((4)/((1)/((4)/(5))))*((1)-((2)-(3))))),8.6
((3)/(((1)*(((1)*(1))/(2)))+((((2)+(2))-(1))+(4)))),0.4
((((2)*((1)-(4)))-(((4)/(3))-((1)*(5))))*((2)+(3))),-11.6666666667
((((((5)/(((4)*((1)*(1)))-(3)))*(5))-(5))+(5))*(5)),125
((((((1)/((1)*(4)))/(1))+(1))+((4)*((3)/(2))))-(1)),6.25
((((((1)/(3))*(((4)/(5))-(3)))*(1))/(5))-((4)/(5))),-0.946666666667
((((4)-(5))/(4))/((5)-(((2)+((4)/((4)+(1))))/(5)))),-0.0563063063063
(((((2)-((5)/((2)-(((4)+(2))+(3)))))*(1))*(4))*(2)),21.7142857143
((3)*((((3)+((1)+(((1)-((5)+(2)))+(5))))/(2))/(5))),0.9
((((1)+(4))*((((3)/(5))-(5))+((3)-(5))))/((1)+(4))),-6.4
(((2)/((3)/(2)))-(((3)+((5)/(5)))*((1)-((4)-(2))))),5.33333333333
((((2)+(1))+((5)-(((3)/((4)+((3)-(4))))*(2))))+(3)),9
((((((((5)-(4))-(1))/(5))*(4))/(4))/((2)+(2)))*(2)),0
((4)+(((5)-(4))*((2)+(((1)-((4)*((3)+(5))))/(4))))),-1.75
((((5)-((1)+(((2)*((2)-(5)))-(2))))-((1)*(3)))+(2)),11
((((((4)+(((4)+((5)+(4)))+(4)))-(3))/(2))+(5))*(2)),28
((((4)*(4))+((((3)+(1))/(1))+(3)))*((4)-((2)-(5)))),161
(((((5)-((3)*(5)))/(3))/((((2)+(4))*(5))-(1)))+(5)),4.88505747126
((2)-(((5)/((3)+(((3)+(2))*(2))))/((5)/((1)*(3))))),1.76923076923
((2)/((((1)*(2))+(((4)-(((4)/(1))-(2)))+(4)))-(1))),0.285714285714
((1)-((1)/((((1)+((3)*(4)))*((3)/((2)*(2))))+(1)))),0.906976744186
((((3)+(3))*(((3)+(1))-(4)))-((3)*((3)+((2)-(5))))),0
(((((((((1)+(4))/(1))+(4))+(3))/(5))/(2))/(4))-(4)),-3.7
((((2)-(1))-((4)*((5)+(5))))+((4)+((3)/((5)+(5))))),-34.7
((2)-(((4)-(5))+(((2)*((4)*(5)))+(((4)*(1))/(3))))),-38.3333333333
(((2)/((((2)-(((2)*(3))-(1)))-((3)-(1)))+(4)))+(5)),3
(((2)/(((((4)+(3))/((1)-(5)))+((5)+(2)))-(5)))+(2)),10
(((((4)-(5))+(2))-((1)*(2)))+(((5)*(1))*((3)/(1)))),14
((((((5)-(4))*(5))/(((1)-(5))/(2)))/((1)-(2)))*(4)),10
(((((4)+(3))/(4))+((3)+((5)-(3))))+(((4)+(3))-(3))),10.75
(((2)/(((2)-((5)+(((5)-(1))+(3))))/((1)-(5))))*(3)),2.4
((2)+((5)-(((3)/(2))-((((3)-((2)/(1)))-(3))+(5))))),8.5
(((((4)+((3)*((5)+((4)+(1)))))*(1))+(5))-((5)*(2))),29
(((3)-((((4)-(1))*(2))/((2)+((5)+((5)*(4))))))/(1)),2.77777777778
((3)-((((3)*(((4)+((3)*(3)))/(5)))/(4))*((3)-(3)))),3
(((5)/((5)*(((2)*(((4)+(1))*((4)-(2))))/(1))))*(2)),0.1
(((4)-(4))*((((5)-(2))+(4))*((4)/((3)-((3)+(2)))))),-0
(((4)*(((((1)*(5))*(2))+((2)/((2)/(2))))+(1)))/(4)),13
(((1)/((1)*(((5)/((2)+(5)))+(5))))*((1)-((3)/(2)))),-0.0875
((2)*(((((1)-((5)*(1)))/(3))+(3))/(((3)+(3))-(1)))),0.666666666667
((1)-((1)-((1)*((4)/((2)/(((3)-((5)/(5)))/(4))))))),1
(((((((1)-(5))/(1))-(5))+((3)-((5)+(5))))/(4))+(3)),-1
(((4)-(5))+(((4)*((((5)+(2))*((2)-(5)))+(4)))-(5))),-74
(((2)*((3)/(((2)/(3))-((3)*((4)+((4)-(3)))))))*(2)),-0.837209302326
(((((5)*(2))+(3))/((1)*((2)-((5)*(2)))))+((4)-(4))),-1.625
(((2)-((((1)*((4)*(5)))+(3))*(4)))/((1)*((5)/(2)))),-36
(((2)/(2))+((2)/((3)*((4)/(((1)/((5)-(3)))/(5)))))),1.01666666667
(((3)+((((2)/(1))*((((3)/(3))+(2))/(4)))-(3)))-(3)),-1.5
(((1)-((4)*((((1)/(2))*(3))*(3))))/((1)+((1)+(2)))),-4.25
((3)/((2)-((5)+((5)*((1)*((4)+(((5)-(5))*(5)))))))),-0.130434782609
((((((1)+(3))-(2))+(((5)+(1))-((5)/(2))))+(4))*(5)),47.5
(((((4)*((3)*((2)+((1)-(1)))))/((1)/(1)))*(3))/(4)),18
(((((1)-(((5)+(2))/(5)))-((1)*(5)))+((3)+(2)))-(4)),-4.4
(((((5)-(5))+((3)/(4)))*(5))*((2)-((5)/((1)*(2))))),-1.875
(((((4)-(3))/((1)*(((2)+(2))/(3))))+((1)*(1)))/(5)),0.35
((((((2)/(5))/(1))-((1)*(3)))*(1))-(((1)-(5))*(1))),1.4
((((3)/((4)-(3)))/(4))+((1)-(((2)/((1)/(2)))*(3)))),-10.25
(((5)*((2)-((2)+(4))))-(((5)/(5))*(((3)/(2))+(3)))),-24.5
(((((1)+((1)/(3)))/(3))/(((2)/(5))-(5)))+((4)+(1))),4.90338164251
((((4)*(5))/((((2)-((5)-(1)))/(3))*((4)/(4))))/(4)),-7.5
(((2)*(3))*(((((1)+(2))-(4))/((1)/((2)+(3))))*(5))),-150
((5)-((((((2)/(3))*((4)*(5)))-(2))+((1)-(2)))/(4))),2.41666666667
(((3)*(5))/((((2)-(1))*(5))*((((3)+(4))-(2))+(4)))),0.333333333333
((((5)/(5))/(4))*((1)/((((2)/(4))-((4)-(5)))-(4)))),-0.1
((((4)-(((1)*((((4)+(5))-(3))*(1)))-(3)))/(3))/(2)),0.166666666667
((4)*((((1)*(5))*((2)-(2)))*(((4)/(1))*((4)-(1))))),0
((((3)-(((5)*(1))+(2)))/((1)-(2)))-((3)*((5)-(4)))),1
(((3)-(((4)/(5))/(((1)-((2)*(3)))-(4))))-((2)*(4))),-4.91111111111
((((1)+((5)-(2)))*(5))*((((1)+(4))*((1)*(1)))-(5))),0
((5)/((1)/(((3)*(((1)+(((1)/(3))-(4)))*(3)))*(2)))),-240
(((3)/(5))-(((1)*((2)/((4)+(((5)/(1))-(3)))))-(2))),2.26666666667
((5)*(((5)/(((2)*(((1)+(4))-((1)/(4))))*(2)))/(4))),0.328947368421
((((2)*(((((3)-(2))-(5))/(4))+(5)))-((1)+(2)))+(1)),6
((4)/(((1)*((3)/(((2)*(2))+((1)/(4)))))/((4)*(4)))),90.6666666667
((((((5)/((2)/(2)))+((2)/(1)))*(4))-((3)/(3)))*(5)),135
((4)*((((3)/(5))/(((2)*(4))-((3)+((1)/(2)))))-(2))),-7.46666666667
((((5)+(5))-(5))+((((1)+(((4)/(3))-(2)))-(1))*(1))),4.33333333333
(((((3)+(4))/(3))-(4))/(((((3)/(3))/(4))-(2))/(1))),0.952380952381
(((((4)+(5))/((3)-((1)*(5))))-((1)-((1)-(3))))-(1)),-8.5
((5)*(((((5)/((3)*(3)))-(((1)*(2))*(3)))/(1))/(3))),-9.07407407407
((4)+(((5)+(5))+((((5)*(2))/(5))*(((1)*(2))/(5))))),14.8
((5)*(((5)+((1)+(2)))-(((5)-(5))-(((4)*(3))*(3))))),220
(((((3)-(3))-((5)/((3)*((3)*(4)))))-((2)-(3)))/(5)),0.172222222222
((((4)+(4))*(((4)*(4))/(((5)-(5))-((1)+(2)))))/(5)),-8.53333333333
((4)/(((2)*(4))*(((((2)-(1))*((1)+(5)))+(1))+(1)))),0.0625
(((3)*(1))+((2)+(((5)/(((3)/((1)/(5)))/(3)))/(3)))),5.33333333333
(((3)/(((((((1)-(3))+(4))-(5))/(5))+(3))*(3)))+(1)),1.41666666667
(((4)/(2))-(((((2)*(1))-((1)/((4)+(2))))-(2))+(2))),0.166666666667
(((((5)-(5))*(4))-(5))-((3)+((4)*((2)+((4)-(2)))))),-24
(((2)+(((4)+((2)/(5)))+(3)))-((4)+(((1)/(3))-(5)))),10.0666666667
((3)/((((4)-(5))+((((5)+(2))/((1)*(2)))/(2)))+(3))),0.8
((((2)+(5))-(5))-((((5)/(1))-((1)-(4)))/((4)-(1)))),-0.666666666667
((((5)+((2)+(((2)/(((5)-(2))-(5)))/(4))))/(2))+(2)),5.375
(((4)+(2))*((((5)*(4))/((4)-(2)))+((3)+((4)*(3))))),150
(((3)+((((3)-(2))+(2))/((4)+((5)*((2)-(4))))))*(5)),12.5
((4)+(((((2)*(1))*(3))/(4))+((2)+((3)/((3)/(4)))))),11.5
(((5)/((((2)+(5))+(((3)+(5))-(5)))-((1)+(3))))*(2)),1.66666666667
((((5)+(5))*((1)-((1)+(1))))-((5)*(((3)-(5))-(4)))),20
((4)-(((((((1)/(3))+(2))+((1)*(4)))*(3))/(3))/(3))),1.88888888889
(((1)*(5))*((((3)/((5)/(4)))*((2)*((2)*(5))))/(1))),240
(((((5)/(3))/((1)+(((4)*((1)/(3)))+(2))))*(2))/(5)),0.153846153846
(((1)*((1)-(((4)-((4)*((4)+((4)-(2)))))*(3))))-(2)),59
(((((2)+(1))-((1)/((4)+((5)*((4)-(4))))))+(5))*(5)),38.75
((1)/((((3)+(((3)/(((1)+(2))+(3)))-(2)))/(1))-(1))),2
(((((4)*((5)+(3)))+(4))-(4))-((5)+(((5)/(5))/(1)))),26
(((5)-(1))-(((5)*((2)-(((5)-((5)+(1)))+(3))))/(1))),4
((((((((4)*(4))/(3))-(5))+((4)-(1)))-(3))*(5))-(1)),0.666666666667
((1)/((((2)+((((1)-(5))+(1))+(5)))+((4)*(4)))*(4))),0.0125
(((((4)+(2))/(4))*(((4)-(((2)+(2))*(2)))-(2)))+(5)),-4
(((5)-((3)*((3)/(((4)*((3)+(1)))/(4)))))+((5)/(1))),7.75
((1)+(((((3)/(1))+(4))*((((4)/(2))/(5))+(3)))+(2))),26.8
(((((5)*(5))*((2)-(((3)*((4)*(2)))-(5))))/(3))+(5)),-136.666666667
((1)/(((1)+(2))*(((((5)-(2))*(3))/((4)*(1)))-(5)))),-0.121212121212
(((((((2)+(2))/(1))+((3)/(4)))+(4))/((3)/(1)))+(1)),3.91666666667
(((2)-((1)-((1)-(((2)/((2)-(1)))+((4)/(2))))))/(2)),-1
((3)-((4)/((2)*((5)*((2)/(((4)-((2)/(2)))/(1))))))),2.4
((((((5)*(4))-(((3)*(4))-((3)+(1))))+(3))-(4))/(4)),2.75
((5)*(((2)*((1)+((((4)-(1))*(4))/(5))))*((4)/(1)))),136
((4)+(((((1)/((5)-((3)-(1))))+(2))/(2))+((5)*(3)))),20.1666666667
((((1)*(((2)-(2))/(2)))+(5))+((((2)+(3))/(1))-(1))),9
(((4)/(4))-(((1)-((3)-((1)/((5)-(2)))))-((2)+(2)))),6.66666666667
((((3)*((3)-(4)))*(3))+(((2)-((4)*(2)))-((5)/(3)))),-16.6666666667
((((2)-((3)-((2)/(3))))-(2))+(((5)*(5))-((2)+(5)))),15.6666666667
(((2)/((5)/((3)-((1)/(2)))))-(((1)/((2)/(3)))*(5))),-6.5
(((2)/(((5)-(1))+(1)))*((((1)/(2))-((2)-(5)))*(4))),5.6
((3)+((3)*((1)/((4)*(((1)-(2))-((1)*((2)/(3)))))))),2.55
((((((1)/(4))+((5)/((1)/(2))))/(2))/((2)*(5)))-(1)),-0.4875
((2)-((1)*((5)*(((((2)-((4)-(2)))/(5))/(5))*(4))))),2
((4)*((2)+((3)-(((2)-(4))/(((2)+((4)/(4)))-(2)))))),28
((4)-(((2)*((3)+((2)/((((3)-(4))-(3))*(2)))))+(3))),-4.5
((1)+(((2)+((3)/((2)/((5)+(5)))))/((5)/((1)/(3))))),2.13333333333
((((5)/((5)*(((1)*(4))+((2)-((1)*(5))))))+(1))-(2)),0
((((4)*(3))/(2))/(((2)*(1))-((4)/((2)-((4)-(5)))))),9
((5)*((((1)/(3))*(2))-((((5)/(5))/((2)+(5)))*(1)))),2.61904761905
((4)*((((4)+((((1)+(3))-(2))-((2)-(4))))/(2))-(3))),4
(((((1)*((1)+(3)))-(5))*((5)-((2)+(3))))*((3)-(5))),0
(((((4)/((4)-((((4)+(4))/(1))/(3))))-(1))*(3))+(2)),8
((1)/((((4)*(3))+((((2)-((1)/(2)))/(3))/(5)))/(1))),0.0826446280992
(((3)-(((((5)+(3))+((1)-(2)))-(2))+((4)/(3))))+(1)),-2.33333333333
((((((((1)+(3))+(4))-((4)*(1)))/(1))/(3))*(4))+(4)),9.33333333333
(((3)+(4))-(((2)/(5))+(((5)-((3)+((2)-(4))))-(2)))),4.6
(((((4)-(3))+((3)+(1)))*(((4)/(4))/((4)-(3))))*(5)),25
((((1)*(2))-(5))*((1)+(((1)-(4))*((3)+((5)-(5)))))),24
((1)-((((2)*(1))+((5)-(2)))-((1)*(((4)-(4))+(5))))),1
((((4)/(((3)-((4)+((1)/(2))))*(2)))/((3)+(4)))-(5)),-5.19047619048
((((3)*((3)-((((5)+((1)+(2)))+(2))/(1))))*(3))*(1)),-63
((5)+((((5)+(3))*(((4)-(5))+((1)*((4)/(3)))))/(5))),5.53333333333
(((2)/((4)-(((5)/(((1)-(3))*(4)))-((1)/(1)))))-(5)),-4.64444444444
((((1)*(((1)/(3))-(1)))/((5)*(((1)+(4))*(1))))*(5)),-0.133333333333
(((5)+((((((4)+(5))-(3))/(1))*(1))+((5)-(3))))-(1)),12
(((4)+((((4)-((5)+(1)))+(2))+(3)))/(((2)-(3))*(2))),-3.5
((5)/(((((1)/((2)-(5)))-((4)*(5)))*((5)*(1)))/(5))),-0.245901639344
((1)+((1)*((((4)+(3))-(2))/((3)+(((1)-(1))+(4)))))),1.71428571429
((2)/(((2)*(((1)-(2))*((4)/(1))))+((3)/((3)+(2))))),-0.27027027027
(((((3)*((1)+(1)))-((((2)*(1))/(3))/(2)))+(3))-(3)),5.66666666667
((((3)/(5))-((1)-(((5)-((3)-(2)))*((2)-(5)))))*(2)),-24.8
(((((1)-(((2)*(3))-(5)))+((4)+((1)+(5))))+(3))+(2)),15
((((5)+((3)+(((2)-(1))-((3)-((1)/(4))))))-(1))+(4)),9.25
(((2)-(2))-(((3)-(((5)/(((1)/(1))/(3)))+(3)))/(2))),7.5
((4)*((((5)*(3))/(4))+(((3)+(((5)-(3))+(1)))*(1)))),39
((2)*(((5)/((5)+(((4)+(2))*(((1)/(2))*(3)))))+(1))),2.71428571429
((1)/((((4)-((4)*(5)))*(((2)-(3))/(3)))-((5)-(5)))),0.1875
((((1)-(2))+(((4)/(3))*(((1)*(3))+((3)-(5)))))-(4)),-3.66666666667
((2)-(((((((4)-(3))*((2)*(3)))/(4))+(2))/(3))/(5))),1.76666666667
(((2)/(((((3)-(1))+(2))+(3))+(2)))/(((1)/(3))-(1))),-0.333333333333
((((5)+((1)*(5)))/(4))+((3)*(((2)*((2)*(2)))*(1)))),26.5
((1)-(((2)*(((((1)+(2))/(2))-((2)*(3)))/(4)))*(4))),10
(((3)*((((5)+(3))+((2)+((4)-(5))))*(4)))+((4)+(4))),116
(((((1)*(5))/(1))*(3))-(((4)*((5)/((5)+(3))))*(3))),7.5
((3)+(((((2)*(((5)+((1)+(2)))+(2)))/(3))-(3))+(3))),9.66666666667
((((3)+(5))+((4)*((4)/((2)-(5)))))+(((2)/(5))-(1))),2.06666666667
(((((4)*(1))*(2))-(3))*((((4)*((3)-(4)))+(3))-(4))),-25
(((2)+(4))+(((2)+(((4)*((5)-(2)))+(4)))/((4)/(1)))),10.5
((1)+(((4)*(((((4)/(4))-(4))+((1)+(2)))+(4)))-(2))),15
((((3)*(5))-((3)-((((1)-(3))-(2))*((4)-(5)))))/(4)),4
((((((1)*(2))-(1))-((3)-(((5)*(3))-(5))))/(1))*(1)),8
((((1)*(1))*((3)*(1)))*(((4)+((2)+(4)))*((5)-(2)))),90
(((((((3)-(3))/(2))/((4)+(4)))+(5))/((4)*(3)))*(1)),0.416666666667
(((((((2)+(3))/((4)+(1)))-((1)-(3)))+(4))*(3))*(1)),21
(((((1)/((2)-(3)))*(((2)*(1))/(3)))-((3)/(2)))*(1)),-2.16666666667
(((2)-(2))+(((3)*(1))/(((4)/((1)*((4)+(2))))*(2)))),2.25
((3)+((4)+((1)-((((5)/((2)/(5)))-((4)*(3)))/(2))))),7.75
((3)*((((3)+((1)-((1)+((5)/(1)))))+(2))/((1)*(1)))),0
(((3)*(5))/(((1)*((((4)+(3))*((1)-(3)))+(5)))*(1))),-1.66666666667
(((1)-((((((4)+(3))-(2))*((2)-(5)))*(2))+(3)))*(4)),112
(((3)/(((5)*(2))-(((1)*(4))*((1)+(1)))))-((1)*(2))),-0.5
(((2)+((((5)-(4))/(((2)/(1))+(3)))/(1)))*((3)-(4))),-2.2
((((((4)-(3))/(2))*(1))+((4)/(((2)/(4))*(1))))*(1)),8.5
((4)/((1)/(((((1)-(4))+((2)/(3)))*((2)-(4)))-(3)))),6.66666666667
(((((1)/((3)-(((3)/(5))+(2))))+((1)+(3)))*(4))-(2)),24
(((((((2)*(2))*(2))-((5)*(4)))*(4))*((5)+(2)))/(4)),-84
((((((((3)+(1))+(2))*(5))*((4)*(5)))-(2))+(4))*(1)),602
((5)-((((2)*((3)/(((3)/(5))-(2))))+(1))+((5)-(4)))),7.28571428571
(((3)*(((5)/(4))*((((3)/(1))/(4))*((5)+(1)))))/(2)),8.4375
(((1)+((((3)-(3))+(((5)*(2))/(5)))*((2)/(4))))-(3)),-1
(((((4)/(2))-(4))+((1)*(2)))*(((5)/((5)-(3)))*(5))),0
((2)/(((1)/(5))/(((1)+(3))/((4)-(((1)/(5))/(1)))))),10.5263157895
((4)/((((2)-(((2)/(1))+((1)*((2)+(5)))))+(5))-(3))),-0.8
(((((((4)*(4))/((4)*(4)))-(1))-(5))-((4)*(1)))/(3)),-3
((2)/(((4)*((((3)*(2))-(2))/((3)*(4))))/((4)-(5)))),-1.5
(((3)/(2))-(((1)-((5)*(5)))-((2)-((2)+((1)/(1)))))),24.5
((((((5)/(4))+(((1)/(2))/(3)))/(1))/((2)*(5)))*(1)),0.141666666667
(((3)*(4))/(((2)*((2)/((((5)*(2))/(5))*(3))))*(4))),4.5
((2)/(((1)-(2))/((2)-(((5)/(2))*(((2)*(1))+(1)))))),11
((((2)-((2)+(5)))+(((5)*(5))+(5)))+(((4)+(4))-(4))),29
(((1)*((((2)+(5))*(2))*(4)))*((4)*(((5)+(4))*(4)))),8064
(((5)+(4))*((((3)/(4))-(((3)+((5)-(4)))-(5)))*(1))),15.75
((((3)-(4))*((3)/((4)-(((1)+(2))-(5)))))/((5)*(1))),-0.1
(((((((((4)*(1))*(4))-(1))*(5))+(1))-(3))/(4))/(1)),18.25
((4)+(((3)/(((4)-(2))*(2)))-((3)/((1)*((3)-(5)))))),6.25
(((3)-(((4)*(3))/(3)))*((5)/((1)-(((5)/(4))*(2))))),3.33333333333
(((((3)-((4)+(1)))/(((3)+(3))*(4)))/((3)*(2)))/(2)),-0.00694444444444
(((3)/(((4)*(5))+(5)))+(((1)*((5)/((3)+(3))))/(4))),0.328333333333
(((1)+((4)-((2)/(((5)+(1))*((3)*(3))))))+((5)-(1))),8.96296296296
((2)/((4)*(((((5)*((3)-((4)+(4))))+(4))-(2))+(5)))),-0.0277777777778
((((5)/(1))-(3))*(((5)/((2)/(4)))-((2)*((2)*(2))))),4
(((5)*(1))-((((3)*((4)+((4)+(1))))*((2)-(3)))+(4))),28
((5)+((((((1)/((2)*(2)))/(5))/(1))+((1)/(3)))-(5))),0.383333333333
(((2)/(((5)+(4))/(4)))-((5)-(((1)*((1)/(4)))*(1)))),-3.86111111111
(((4)-(3))*((1)+((3)/(((5)-((4)*(5)))+((2)-(4)))))),0.823529411765
(((2)-((1)/((4)+((2)*((1)*(1))))))*((1)+((2)*(3)))),12.8333333333
((5)/((1)/((((4)-(5))*((((2)*(3))/(5))*(3)))*(1)))),-18
(((5)+((5)/((((2)*(1))+(1))+(((4)+(5))*(3)))))*(2)),10.3333333333
((((1)/(3))/(5))+((((5)/(5))-(((5)+(5))-(5)))/(5))),-0.733333333333
((((((5)/(5))/((5)*(4)))*(2))-(1))*((1)+((2)+(5)))),-7.2
(((3)/(((5)/(1))+(2)))*((1)-(((1)+((3)+(4)))-(2)))),-2.14285714286
((5)+((((4)/((5)+((2)-(4))))+((3)/(5)))*((4)/(2)))),8.86666666667
((((4)-(5))*(2))+(((((2)+((3)+(1)))+(1))*(4))/(3))),7.33333333333
(((2)+((((2)*((5)+(1)))/(((4)/(5))*(3)))/(5)))-(2)),1
(((3)*((1)-(5)))*(((1)-((3)+((2)/((5)+(2)))))+(2))),3.42857142857
(((2)/((1)/((((3)-(3))+(((1)*(2))+(1)))-(5))))*(2)),-8
(((3)*((2)/((5)-((2)+((((5)*(4))/(5))-(3))))))+(3)),6
(((1)-(1))/((1)+(((3)+((2)+((3)+((5)/(4)))))/(4)))),0
((((2)/((((3)/(1))+(4))-(1)))/(3))-((4)+((1)-(1)))),-3.88888888889
(((1)*((((2)-(1))*(2))-(((4)-(2))-(2))))-((5)-(4))),1
((3)+(((((3)/((5)*((3)-(1))))/(1))/((3)+(2)))*(1))),3.06
((3)*(((4)-(((5)/(2))/(4)))*((2)-((1)-((3)/(1)))))),40.5
((2)+((((2)/(5))*(((1)-((3)/(4)))+((4)*(2))))-(4))),1.3
((3)/((((1)-(((4)-(3))+(1)))/(((5)/(1))/(3)))*(2))),-2.5
((((((4)/((4)-(((1)-(3))/(3))))+(1))*(3))+(4))*(4)),38.2857142857
((((3)/((4)/(5)))+(((((2)-(5))-(1))/(3))+(2)))-(5)),-0.583333333333
((4)+(((((2)+((((5)+(1))/(3))/(2)))/(4))+(1))*(3))),9.25
(((2)*(((5)-((3)/(((2)-(2))+((4)-(1)))))*(3)))-(1)),23
(((((((3)+(4))-(5))-(2))-((1)+((4)-(4))))+(5))-(5)),-1
(((((3)*((5)+((1)*((1)/(5)))))*(2))*((2)+(4)))-(2)),185.2
((((2)-((4)-((4)-(2))))*((((2)*(2))*(4))+(5)))*(5)),0
((((3)-(((1)-((1)*((3)/(2))))-(3)))-((3)-(2)))-(5)),0.5
((1)*((((2)+(((((5)/(2))*(1))-(1))+(3)))*(4))-(3))),23
(((5)*(((((4)*(3))+(4))/((1)*(1)))-(3)))+((4)-(3))),66
((4)-((((3)-((5)+(4)))/((4)+((2)*(2))))-((5)/(2)))),7.25
(((1)-((2)/(((3)/(2))*(2))))-((((5)/(2))/(3))*(3))),-2.16666666667
(((((5)*((((3)*(5))*(3))/(1)))*((5)-(2)))+(4))+(3)),682
((((((2)/((5)+(4)))-(2))/((4)/(3)))/((5)+(1)))+(1)),0.777777777778
(((3)+(5))+(((((3)-(2))/(2))/(4))/(((3)+(2))/(5)))),8.125
(((2)-(((1)*(((4)-(5))-(5)))*((4)/((1)+(4)))))*(1)),6.8
((5)-(((5)+(((5)+((2)+(4)))-(((3)*(5))*(1))))+(5))),-1
((1)-(((2)-((((4)*(5))*(4))*((4)*((5)-(2)))))-(5))),964
((((5)/(4))/((((3)/(2))-(2))+(2)))*(((3)/(5))-(5))),-3.66666666667
(((((5)+(2))+(4))*(3))+((((1)+(3))/(4))*((1)-(1)))),33
((((((2)/((4)*(3)))*((4)/(1)))+(1))-(5))*((1)/(3))),-1.11111111111
((4)+(((3)-(1))-((5)*(((3)/(1))-((3)-((3)/(3))))))),1
((((5)*(((1)+((2)*(5)))-(1)))*(2))+((2)-((1)+(4)))),97
((4)/(((1)/((((4)-(5))+((1)-((1)*(5))))-(1)))+(5))),0.827586206897
((2)-((((2)/((3)*((5)-(3))))+(5))/(((3)-(2))+(2)))),0.222222222222
((4)+((2)/((4)+((((5)*(4))+((2)/(5)))*((1)+(4)))))),4.01886792453
(((5)+((1)/(((5)*((4)-(4)))-(4))))*(((2)-(3))*(4))),-19
((((((4)+(((4)-(2))*(1)))-(3))*(2))+(5))*((3)/(4))),8.25
((5)*((((((5)/(3))-(2))*(1))/((4)*((3)/(3))))-(2))),-10.4166666667
((2)*(((1)-((1)*(2)))*(((3)+((1)+((2)+(1))))*(2)))),-28
(((((5)*(2))-((((1)*(4))/(5))+((5)+(3))))-(3))-(4)),-5.8
((((5)+((5)/((2)*((4)-(1)))))/((5)-(3)))+((5)/(5))),3.91666666667
(((4)-((((5)-((1)+(5)))-(2))*(((3)+(5))*(4))))/(4)),25
((((2)-((((2)/(1))-(2))/(5)))*((1)+((2)/(2))))/(4)),1
((1)/((((((2)*(5))-((2)*(4)))*((5)*(4)))-(4))-(1))),0.0285714285714
(((5)*(4))*((((1)*((5)*((2)+(4))))/(1))/((5)-(1)))),150
((((((2)-(1))+(((3)/(1))/((5)+(5))))*(2))/(5))-(2)),-1.48
(((((4)/(((1)*(1))/((4)+(5))))*(5))-(1))/((2)*(3))),29.8333333333
((3)/(((((1)/((2)*(((3)/(5))+(5))))*(1))-(5))/(4))),-2.44363636364
((1)+((1)*((((2)/(3))*((5)-(5)))+((4)-((4)/(4)))))),4
((((2)*((3)/((2)/(5))))+(((3)/(3))-(4)))*((5)-(4))),12
((((3)*(1))/(1))-((((2)+(3))/((1)+(2)))-((1)+(3)))),5.33333333333
((5)*((((2)+(4))*((1)+((3)/(5))))-((2)*((5)*(3))))),-102
((((1)+((3)-(((3)-(5))-(4))))+(5))*((1)*((5)/(3)))),25
(((((5)*(4))-(((1)*(((3)-(1))-(4)))+(3)))*(2))*(1)),38
((1)*(((((1)+((4)/(5)))+((4)+((5)-(4))))+(4))/(4))),2.7
(((1)*(1))+((((5)-(4))+(5))*((2)-(((3)/(4))/(5))))),12.1
(((2)/(1))/((5)/(((1)+(3))/((4)+(((3)-(5))+(3)))))),0.32
((1)-((4)-(((2)-((5)-(2)))+((1)+(((1)*(2))/(1)))))),-1
(((((4)+(4))-((((2)*(3))+(3))+(4)))+(5))/((1)+(2))),0
((((3)-(2))/((5)-((((4)*(3))/((5)/(3)))+(2))))-(3)),-3.2380952381
(((4)-(((5)/((1)*((2)/(2))))-(((2)-(2))/(1))))*(2)),-2
(((3)+((3)+(((1)*(((1)*((1)-(2)))/(2)))+(2))))/(3)),2.5
((1)+(((((1)*(1))-((4)+((4)*((1)-(1)))))+(1))-(5))),-6
(((3)*(2))/((((5)/(((2)-(1))/((3)-(4))))-(1))-(1))),-0.857142857143
(((((2)*((5)/(2)))/(3))+((3)-((2)-((2)-(3)))))/(3)),0.555555555556
(((2)/((3)-(((4)+(5))+((((3)*(1))+(2))-(4)))))+(1)),0.714285714286
(((5)-((3)*(2)))+(((5)+(4))+(((4)*((2)+(4)))+(3)))),35
((((((2)+(5))-(((4)+((1)*(1)))-(5)))-(5))+(1))+(2)),5
(((1)/(5))+((1)/((((3)-((1)*(3)))-(5))+((2)-(4))))),0.0571428571429
((2)+((((3)+(((2)-(4))/(1)))/(4))*((1)*((3)-(5))))),1.5
(((2)-(((5)-((1)+(5)))+(1)))/((2)+((4)*((5)*(4))))),0.0243902439024
((2)+(((2)/((5)/(1)))*(((2)/((1)+((5)/(3))))*(2)))),2.6
((((1)-((3)*(2)))*(3))*(((3)/((1)*(2)))/((4)*(4)))),-1.40625
(((((2)+(((3)/((5)+((4)*(5))))+(3)))*(1))-(5))-(2)),-1.88
((3)+((1)/((3)/((4)-((3)/(((4)+((5)/(5)))*(4))))))),4.28333333333
(((1)-(5))+(((2)/((((5)-(4))+((3)+(4)))/(2)))*(2))),-3
((5)*((((((2)-(4))+((1)-(5)))*(2))+(5))-((3)*(3)))),-80
(((((5)/(5))*((4)-(((4)*(2))/(1))))+(1))+((4)*(1))),1
(((2)+((5)+(5)))/(((5)*((3)+(3)))-(((4)*(4))-(5)))),0.631578947368
(((1)-(5))*((((((2)*((4)/(2)))-(4))-(5))-(4))-(5))),56
(((2)*(3))+((3)-(((1)/(((4)-((3)/(3)))*(5)))/(5)))),8.98666666667
((4)*((((3)+((((4)/(1))*(3))-(1)))-((2)*(5)))/(5))),3.2
((5)/(((4)-((4)*((4)*(((4)+(2))/(1)))))-((5)-(5)))),-0.054347826087
((((3)-(5))*((2)*(4)))+((((2)+((3)*(2)))-(5))/(2))),-14.5
((((1)*(3))*(2))*((2)+(((1)*((1)-(3)))*((1)/(3))))),8
((2)*((3)*(((3)-(4))/((1)*((5)/(((5)-(2))-(5))))))),2.4
((((1)+(((((5)-((4)+(1)))+(5))-(4))+(5)))-(1))/(1)),6
(((5)/((5)+(2)))-((5)*(((1)+(2))-((2)*((5)*(1)))))),35.7142857143
(((1)/(3))/(((1)-((5)+(((2)*(5))/(4))))-((1)-(4)))),-0.0952380952381
(((1)-(((((4)-(5))-((1)/(5)))*((4)*(2)))/(2)))/(2)),2.9
((((2)*((1)+((1)-((3)-(5)))))+(1))+(((5)+(5))/(3))),12.3333333333
((((3)/((((((1)+(5))/(5))/(2))-(3))+(3)))-(2))/(5)),0.6
((4)/(((3)/((1)-((1)/(3))))/(((5)/(3))+((3)*(1))))),4.14814814815
((((((1)/((3)*((1)/((4)*(5)))))-(5))-(3))-(4))*(5)),-26.6666666667
(((4)+((((3)-(((1)+(3))+(5)))+((3)*(2)))+(3)))*(3)),21
((((2)-(2))/(((((1)-((5)/(4)))*(4))+(4))*(5)))*(1)),0
((((3)+(5))*((4)/(((4)+(4))+((1)*((3)-(5))))))-(2)),3.33333333333
(((3)-(3))*(((5)*(((4)-(4))/(2)))/(((4)-(4))-(4)))),-0
((((5)*(((5)/(4))/(1)))-(((5)-(3))+(4)))-((5)*(2))),-9.75
((3)-((2)+(((((1)+(4))-(((1)+(3))+(3)))+(1))/(5)))),1.2
(((5)*(((4)*((4)*(4)))-(((5)+((4)-(5)))*(3))))*(5)),1300
(((((2)*(3))*(2))/((((5)*(3))+(5))*(3)))-((3)+(3))),-5.8
((2)-((5)-(((((4)*(2))-(3))+(4))-((3)+((3)+(4)))))),-4
(((((4)/((5)/((4)-((2)/((3)*(3))))))*(1))-(4))-(3)),-3.97777777778
((((5)*(((((3)+(3))-(3))-(5))-(1)))/((4)-(1)))/(5)),-1
((3)*((5)-(((((1)/(5))+(1))/(((1)/(2))/(4)))+(3)))),-22.8
((((1)*(((5)+(3))-((3)+(((2)/(5))/(4)))))+(2))+(2)),8.9
(((2)+(((((1)-((1)*(4)))*((1)+(4)))/(2))*(2)))/(5)),-2.6
(((3)+(5))/((((((4)/((4)/(3)))*(3))-(5))+(3))-(5))),4
(((4)/(((3)+(5))/((3)+(5))))+(((5)+(2))*((1)/(3)))),6.33333333333
(((5)+(2))+((((4)*((3)-(1)))-((2)-(4)))-((4)+(1)))),12
((((4)+((5)-(5)))-(((1)/((1)/(1)))*(4)))*((2)/(2))),0
(((((1)+((5)+(4)))*(((1)*(5))+((4)-(1))))/(2))-(3)),37
((5)-((2)*(((3)+(3))*((3)*(((5)*(1))+((4)*(3))))))),-607
(((5)*((1)/((4)+((((1)*(3))*(1))+((4)*(2))))))+(3)),3.33333333333
((1)*(((4)-((3)-(2)))-(((3)+((3)*((1)/(4))))*(4)))),-12
((3)/((3)/(((3)+((5)/(((3)+((4)+(4)))*(1))))/(1)))),3.45454545455
((5)*((2)-((2)-((1)-((3)*((5)-((5)+((3)+(3))))))))),95
((2)/((2)*((2)-(((2)-((((5)/(5))+(2))/(5)))+(1))))),-2.5
(((2)*((((5)-(4))/(1))-(2)))+(((5)+(1))+((2)+(1)))),7
((((3)-(4))/(((3)/((5)/(2)))*(1)))/(((1)/(1))+(4))),-0.166666666667
((((4)/(3))*(4))/((3)/((((1)-(2))*((4)/(2)))*(4)))),-14.2222222222
((1)/(((((1)+(4))+(5))/((4)-((2)-((5)/(5)))))-(4))),-1.5
(((((2)/(((3)*(2))*(5)))*(((2)-(3))+(3)))+(1))+(5)),6.13333333333
((5)/((((1)*((3)/((1)-(((3)/(3))-(1)))))-(4))*(2))),-2.5
(((((5)/((2)+((2)/((4)+(3)))))/(1))-(1))-((2)-(3))),2.1875
((((5)*(2))+(((4)*(3))*(((3)+((4)*(2)))-(3))))/(2)),53
((((3)/(((5)+((((4)*(3))-(5))*(4)))/(3)))/(5))*(2)),0.109090909091
((((4)/(4))/(((2)+((3)/(5)))+((1)-((3)+(5)))))+(5)),4.77272727273
((4)-((3)*((1)*((2)*((((5)*((5)-(3)))-(4))*(3)))))),-104
(((3)/((5)-((((2)-(4))-(5))-(2))))/(((3)-(4))/(5))),-1.07142857143
((5)/((3)*((3)-(((1)*((5)/((2)-((4)*(5)))))-(1))))),0.38961038961
((((3)+(4))/((((5)-(1))/((5)/(5)))+((4)+(2))))-(4)),-3.3
((2)+((3)-(((5)-(5))/((3)*(((2)+((5)/(2)))+(5)))))),5
((4)/((3)/((5)+(((((4)-(4))/((2)+(4)))-(1))/(3))))),6.22222222222
((3)*((5)-((1)+(((((4)*(4))/(2))-(3))-((3)+(2)))))),12
(((((5)-((2)*(3)))+((1)+(((1)/(2))+(4))))-(1))/(4)),0.875
((((((4)+((2)+((4)-(1))))*(3))-(4))-((5)*(2)))*(3)),39
((((2)+(((5)-((4)-((5)/(1))))+((3)+(2))))/(5))+(2)),4.6
((3)*((4)*((5)*(((2)/(((3)-(4))/((3)-(4))))*(4))))),480
((((5)+((4)-(((5)*(4))/(1))))+((5)*(5)))/((1)/(3))),42
((((((5)+(3))/((3)/(2)))*(4))+((3)/((4)+(2))))*(1)),21.8333333333
((2)-((2)*(((1)-((5)/((1)-(((2)+(3))/(2)))))/(1)))),-6.66666666667
((2)-((5)*((4)-((((5)+(2))-(2))+((4)-((5)+(4))))))),-18
